TotalCharges,Month-to-month,One year,Two year,PhoneService,tenure
1952.8,0,1,0,1,33.0
4368.85,0,1,0,1,45.0
2647.1,1,0,0,1,40.0
8477.6,0,0,1,1,71.0
54.35,1,0,0,1,1.0
4528.0,0,0,1,0,72.0
1790.65,1,0,0,1,22.0
845.6,0,1,0,1,46.0
1210.3,0,0,1,1,55.0
20.45,1,0,0,1,1.0
854.45,0,1,0,1,12.0
2429.1,1,0,0,1,31.0
100.4,1,0,0,0,5.0
5229.45,0,0,1,1,67.0
44.45,1,0,0,1,1.0
1716.45,0,1,0,0,40.0
3023.55,1,0,0,1,41.0
75.3,1,0,0,1,1.0
4837.6,0,1,0,1,51.0
2032.3,0,0,1,0,42.0
436.9,0,1,0,1,23.0
70.55,1,0,0,1,1.0
20.15,1,0,0,1,1.0
5893.95,1,0,0,1,56.0
1430.05,1,0,0,1,15.0
313.0,0,0,1,1,12.0
3871.85,0,0,1,1,54.0
458.1,1,0,0,1,7.0
2745.7,1,0,0,1,33.0
341.35,1,0,0,1,16.0
1336.8,0,1,0,1,21.0
2181.75,0,0,1,1,30.0
147.75,1,0,0,1,3.0
818.45,1,0,0,1,11.0
7133.45,0,1,0,1,62.0
348.8,1,0,0,1,18.0
128.6,1,0,0,1,6.0
4674.4,0,1,0,1,46.0
1737.45,1,0,0,1,21.0
1498.85,0,0,1,1,68.0
50.1,1,0,0,1,1.0
1797.75,1,0,0,1,25.0
498.1,0,0,1,1,24.0
2624.25,1,0,0,1,30.0
184.1,1,0,0,1,2.0
5498.8,0,1,0,1,51.0
4845.4,0,0,1,1,57.0
369.1,0,0,1,1,15.0
6096.9,0,0,1,1,72.0
160.75,1,0,0,1,2.0
2684.35,1,0,0,1,28.0
3004.15,1,0,0,1,29.0
6994.8,0,0,1,1,70.0
273.25,0,1,0,1,13.0
5483.9,0,1,0,1,59.0
1233.65,1,0,0,1,13.0
527.9,1,0,0,1,7.0
4985.9,0,0,1,1,62.0
1258.35,0,1,0,1,21.0
111.4,1,0,0,1,2.0
43.95,1,0,0,1,1.0
308.1,1,0,0,1,4.0
383.65,0,1,0,1,19.0
2555.9,1,0,0,1,30.0
1284.2,0,0,1,1,67.0
7550.3,0,0,1,1,72.0
1110.05,0,0,1,1,53.0
99.6,0,1,0,1,5.0
2279.0,0,0,1,1,71.0
4164.4,0,1,0,1,50.0
5873.75,0,0,1,1,56.0
109.25,1,0,0,1,2.0
179.25,1,0,0,1,2.0
1338.15,1,0,0,1,24.0
2279.0,0,0,1,1,46.0
8564.75,0,0,1,1,71.0
926.2,1,0,0,0,29.0
1718.2,0,0,1,1,69.0
5956.85,0,0,1,1,71.0
91.3,1,0,0,1,1.0
4824.45,0,0,1,1,56.0
1238.65,0,1,0,1,56.0
79.5,1,0,0,1,1.0
672.2,0,1,0,1,28.0
382.2,1,0,0,1,19.0
4264.6,1,0,0,1,66.0
1070.7,0,1,0,1,17.0
1345.85,0,0,1,1,52.0
1045.25,0,1,0,1,19.0
3003.55,0,1,0,1,36.0
467.55,1,0,0,1,7.0
7537.5,0,1,0,1,72.0
7482.1,0,1,0,1,67.0
3343.15,0,1,0,1,34.0
5427.05,1,0,0,1,57.0
587.1,1,0,0,1,7.0
100.8,1,0,0,1,1.0
161.15,1,0,0,1,8.0
7028.5,0,0,1,1,69.0
5232.9,0,1,0,1,50.0
225.85,0,1,0,1,10.0
274.7,0,0,1,1,12.0
1180.95,1,0,0,1,14.0
3370.2,0,0,1,0,70.0
7111.3,1,0,0,1,64.0
5958.85,0,0,1,1,66.0
5999.85,0,0,1,1,71.0
1648.45,1,0,0,1,20.0
5753.25,0,0,1,1,72.0
4492.9,0,0,1,1,71.0
3956.7,1,0,0,1,38.0
2625.55,1,0,0,1,28.0
1233.4,1,0,0,1,17.0
1309.0,0,1,0,0,33.0
813.45,0,0,1,0,23.0
1108.8,0,1,0,1,58.0
7349.35,0,0,1,1,70.0
294.2,1,0,0,1,4.0
929.2,0,0,1,1,45.0
740.0,1,0,0,1,10.0
754.5,0,0,1,1,36.0
3883.3,1,0,0,1,54.0
1414.2,0,0,1,1,23.0
3211.2,0,1,0,1,41.0
371.6,1,0,0,1,5.0
1246.4,0,1,0,0,27.0
95.85,1,0,0,1,1.0
2545.7,0,0,1,0,67.0
6448.85,0,0,1,1,72.0
1468.9,0,0,1,1,56.0
1013.6,0,1,0,1,44.0
6690.75,1,0,0,1,66.0
2088.75,0,1,0,1,34.0
7240.65,0,0,1,1,69.0
102.45,1,0,0,1,1.0
830.25,0,0,1,1,32.15138772077376
1588.7,1,0,0,1,30.0
829.3,1,0,0,1,11.0
302.45,0,1,0,1,15.0
712.25,1,0,0,1,11.0
1336.65,0,1,0,1,64.0
5360.75,0,0,1,1,72.0
6735.05,0,0,1,1,72.0
51.2,1,0,0,1,1.0
1010.0,0,1,0,1,15.0
4847.05,0,1,0,1,60.0
3019.7,0,1,0,1,56.0
161.65,0,0,1,1,8.0
217.55,1,0,0,1,3.0
2583.75,1,0,0,1,49.0
146.05,1,0,0,1,2.0
567.45,1,0,0,1,6.0
7711.25,0,0,1,1,70.0
1384.75,1,0,0,1,12.0
5481.25,0,1,0,1,52.0
8124.2,0,0,1,1,72.0
827.3,0,0,1,1,40.0
70.9,1,0,0,1,1.0
220.95,1,0,0,1,3.0
3673.6,1,0,0,1,40.0
49.85,1,0,0,1,1.0
576.65,0,1,0,1,30.0
2331.3,1,0,0,1,23.0
74.5,1,0,0,1,1.0
4495.65,1,0,0,1,44.0
6941.2,1,0,0,1,65.0
340.35,1,0,0,1,7.0
1789.9,0,0,1,0,72.0
908.55,1,0,0,1,8.0
1043.35,1,0,0,1,16.0
6822.15,1,0,0,1,66.0
71.55,1,0,0,1,1.0
157.55,1,0,0,1,3.0
5029.2,1,0,0,1,53.0
7318.2,0,0,1,1,69.0
420.45,1,0,0,1,5.0
7576.7,0,0,1,1,72.0
633.4,1,0,0,0,13.0
321.65,1,0,0,1,4.0
4965.0,0,0,1,1,54.0
6151.9,0,0,1,1,72.0
1253.9,1,0,0,1,12.0
25.15,1,0,0,0,1.0
45.2,1,0,0,1,1.0
5420.65,0,0,1,1,69.0
2627.35,0,0,1,1,48.0
5037.55,0,1,0,1,48.0
743.75,1,0,0,1,8.0
6589.6,0,0,1,1,71.0
92.45,1,0,0,1,2.0
6733.15,0,1,0,1,67.0
3410.0,1,0,0,1,34.0
199.85,1,0,0,1,3.0
593.3,0,1,0,1,9.0
7288.4,0,1,0,1,71.0
5229.8,0,0,1,1,57.0
4464.8,0,0,1,0,32.15138772077376
5068.05,1,0,0,1,48.0
401.85,0,1,0,1,18.0
4451.85,0,1,0,1,43.0
6688.95,0,0,1,1,72.0
2661.1,0,1,0,1,35.0
73.05,1,0,0,1,4.0
1211.65,0,0,1,1,49.0
7030.65,0,0,1,1,71.0
1020.2,1,0,0,1,11.0
5597.65,0,0,1,1,63.0
6223.3,1,0,0,1,65.0
1024.65,0,0,1,1,49.0
2933.2,1,0,0,1,29.0
1258.3,1,0,0,1,15.0
82.9,1,0,0,1,4.0
7789.6,0,1,0,1,72.0
2067.0,1,0,0,1,26.0
3452.55,1,0,0,1,35.0
5468.95,0,1,0,1,57.0
1802.15,1,0,0,1,28.0
733.55,0,1,0,1,25.0
3021.45,0,1,0,0,47.0
3687.85,1,0,0,1,57.0
1391.15,1,0,0,1,16.0
274.35,1,0,0,1,5.0
1214.05,1,0,0,1,17.0
5510.65,0,1,0,1,56.0
1322.85,0,0,1,1,72.0
1973.75,1,0,0,1,21.0
2196.3,0,1,0,0,48.0
7843.55,0,0,1,1,68.0
3211.9,1,0,0,1,30.0
130.15,1,0,0,1,3.0
692.35,0,0,1,0,14.0
85.5,1,0,0,1,4.0
6849.4,0,0,1,1,71.0
203.95,0,1,0,1,8.0
2117.2,1,0,0,0,61.0
6565.85,0,0,1,1,72.0
424.75,1,0,0,1,5.0
3306.85,0,0,1,1,49.0
168.9,1,0,0,1,8.0
253.8,1,0,0,1,3.0
197.4,0,0,1,1,9.0
3838.2,0,0,1,1,67.0
2065.15,1,0,0,1,46.0
5064.45,0,1,0,1,32.15138772077376
1140.05,0,1,0,1,55.0
2447.45,1,0,0,1,33.0
1263.9,0,0,1,1,62.0
45.95,1,0,0,1,1.0
1838.15,1,0,0,0,49.0
44.75,1,0,0,1,1.0
1185.0,1,0,0,1,14.0
1743.9,1,0,0,1,18.0
70.15,1,0,0,1,1.0
85.55,1,0,0,1,1.0
8529.5,0,0,1,1,72.0
6549.45,0,0,1,1,64.0
7806.5,0,0,1,1,69.0
25.7,1,0,0,1,1.0
6287.3,0,0,1,1,71.0
3251.85,0,1,0,1,66.0
50.6,1,0,0,1,2.0
7904.25,0,0,1,1,71.0
729.95,0,1,0,1,11.0
2654.05,1,0,0,1,47.0
2416.55,1,0,0,1,35.0
3520.75,1,0,0,1,32.0
5969.95,1,0,0,1,60.0
226.8,0,1,0,1,11.0
1082.75,0,1,0,0,29.0
565.75,1,0,0,0,21.0
4370.75,1,0,0,1,48.0
90.05,1,0,0,0,3.0
2169.4,1,0,0,1,43.0
550.6,1,0,0,1,5.0
55.45,1,0,0,1,1.0
6300.85,0,1,0,1,71.0
160.05,0,1,0,1,8.0
436.6,1,0,0,1,8.0
1781.35,1,0,0,1,20.0
3467.0,0,1,0,1,33.0
5552.5,0,1,0,1,71.0
3591.25,0,1,0,1,38.0
88.35,1,0,0,1,1.0
63.75,1,0,0,0,2.0
617.15,1,0,0,0,12.0
870.25,1,0,0,1,9.0
601.25,1,0,0,1,11.0
111.65,1,0,0,1,6.0
6046.1,0,1,0,1,71.0
3923.8,0,1,0,1,42.0
777.3,1,0,0,1,8.0
512.45,1,0,0,1,5.0
141.45,1,0,0,1,2.0
892.15,0,0,1,1,45.0
1682.05,0,1,0,0,28.0
3398.9,1,0,0,1,43.0
4984.85,0,0,1,1,60.0
1445.3,0,1,0,0,42.0
305.55,0,0,1,0,7.0
507.9,0,1,0,1,25.0
3640.45,1,0,0,1,40.0
2673.45,0,1,0,1,27.0
389.8,1,0,0,0,10.0
2401.05,1,0,0,1,27.0
651.55,0,1,0,1,11.0
156.1,1,0,0,0,4.0
2796.35,1,0,0,0,68.0
70.05,1,0,0,1,1.0
407.05,0,1,0,1,18.0
6465.0,0,0,1,1,57.0
511.25,1,0,0,1,26.0
646.05,1,0,0,0,17.0
35.9,1,0,0,0,1.0
3777.15,1,0,0,1,38.0
4903.15,0,1,0,1,59.0
1653.85,0,0,1,1,30.0
47.5,1,0,0,0,2.0
1306.3,0,1,0,1,50.0
463.6,0,1,0,0,9.0
60.65,1,0,0,1,3.0
824.85,1,0,0,1,14.0
2094.65,1,0,0,1,31.0
438.9,1,0,0,1,7.0
847.3,1,0,0,1,8.0
329.75,0,1,0,1,17.0
674.55,1,0,0,1,32.0
162.55,1,0,0,1,2.0
546.95,1,0,0,1,7.0
7887.25,0,0,1,1,72.0
3186.65,1,0,0,1,31.0
1972.35,1,0,0,1,27.0
1527.35,1,0,0,1,18.0
490.55,1,0,0,1,7.0
1531.4,1,0,0,1,14.0
683.25,1,0,0,1,11.0
8058.85,0,0,1,1,72.0
2847.4,0,1,0,1,28.0
1133.9,1,0,0,1,15.0
294.45,1,0,0,1,4.0
1719.15,0,0,1,1,71.0
461.7,1,0,0,1,5.0
1160.45,0,0,1,1,47.0
5199.8,0,1,0,1,57.0
5163.3,0,0,1,1,50.0
162.3,1,0,0,1,8.0
883.35,0,0,1,1,48.0
1341.5,0,1,0,1,70.0
70.45,1,0,0,1,1.0
659.45,1,0,0,1,8.0
77.15,1,0,0,1,1.0
35.25,1,0,0,0,1.0
1205.05,0,0,1,1,60.0
4917.9,0,1,0,1,49.0
201.0,1,0,0,0,4.0
599.3,0,1,0,1,29.0
1733.15,0,0,1,1,67.0
5149.5,1,0,0,1,53.0
4677.1,0,0,1,1,67.0
119.3,1,0,0,1,6.0
4849.1,1,0,0,1,47.0
5424.25,0,0,1,1,53.0
5878.9,0,0,1,1,69.0
244.85,1,0,0,1,3.0
220.75,1,0,0,1,4.0
4261.2,0,0,1,1,56.0
5574.75,1,0,0,1,59.0
1501.75,0,0,1,1,61.0
89.75,1,0,0,1,2.0
4541.2,1,0,0,1,46.0
255.5,1,0,0,1,12.0
1072.0,1,0,0,1,14.0
2509.25,0,1,0,1,28.0
1440.75,1,0,0,1,32.15138772077376
1715.65,1,0,0,1,31.0
5333.35,0,1,0,1,68.0
3895.35,0,0,1,1,39.0
869.9,1,0,0,1,42.0
706.85,1,0,0,0,13.0
512.25,1,0,0,1,6.0
2636.05,1,0,0,1,35.0
814.75,0,1,0,1,38.0
388.6,0,0,1,1,18.0
93.45,1,0,0,1,4.0
1389.85,1,0,0,1,27.0
2894.55,0,1,0,1,41.0
4025.6,0,1,0,1,50.0
1354.4,0,0,1,1,72.0
1856.4,0,1,0,1,70.0
926.0,0,1,0,1,44.0
189.2,1,0,0,1,2.0
682.1,0,1,0,1,34.0
1778.7,0,0,1,1,72.0
7069.25,0,0,1,1,64.0
1841.2,0,0,1,1,72.0
74.25,1,0,0,1,1.0
2656.7,0,1,0,1,29.0
1689.45,0,1,0,1,23.0
1054.75,0,0,1,1,52.0
2187.55,1,0,0,1,25.0
7334.05,0,0,1,1,64.0
1581.2,1,0,0,1,16.0
69.5,1,0,0,1,1.0
2404.85,1,0,0,1,24.0
171.45,1,0,0,1,2.0
2839.45,0,0,1,1,34.0
3132.75,1,0,0,1,36.0
3942.45,0,1,0,1,53.0
873.4,0,0,1,1,47.0
1529.65,0,0,1,1,72.0
6991.6,0,0,1,1,72.0
19.4,1,0,0,1,1.0
803.3,1,0,0,1,9.0
679.3,1,0,0,1,8.0
2791.5,0,1,0,1,45.0
715.0,1,0,0,1,7.0
1681.6,0,0,1,1,71.0
4016.2,0,1,0,1,32.15138772077376
3281.65,0,0,1,0,67.0
7317.1,0,1,0,1,69.0
6474.45,0,0,1,1,70.0
676.35,0,1,0,1,25.0
8164.1,0,0,1,1,72.0
1325.85,0,0,1,0,34.0
1654.85,0,0,1,1,65.0
7795.95,0,0,1,1,70.0
3952.45,0,0,1,0,72.0
2495.15,0,1,0,1,35.0
1230.25,1,0,0,1,13.0
876.75,0,1,0,1,12.0
4263.45,0,1,0,1,62.0
1992.95,1,0,0,1,25.0
1982.1,0,0,1,0,52.0
562.7,1,0,0,1,8.0
33.7,1,0,0,1,2.0
1090.1,0,0,1,1,32.15138772077376
227.45,1,0,0,1,12.0
1250.85,0,1,0,1,47.0
37.2,1,0,0,1,2.0
892.7,1,0,0,1,18.0
487.75,1,0,0,1,8.0
3713.95,1,0,0,1,45.0
141.7,1,0,0,1,3.0
678.2,0,1,0,1,38.0
8425.3,0,0,1,1,72.0
4154.8,1,0,0,1,46.0
7061.65,0,0,1,1,71.0
3364.55,0,0,1,0,66.0
2655.25,1,0,0,1,25.0
1425.45,0,1,0,1,18.0
332.5,0,0,1,1,13.0
5963.95,0,0,1,1,65.0
5742.9,1,0,0,1,60.0
278.85,0,0,1,1,15.0
1871.85,0,0,1,0,72.0
2866.45,1,0,0,1,30.0
4303.65,0,0,1,1,42.0
1753.0,0,0,1,1,71.0
54.75,1,0,0,1,1.0
3759.05,1,0,0,1,39.0
617.65,1,0,0,1,35.0
5935.1,1,0,0,1,53.0
94.6,1,0,0,1,1.0
2911.3,1,0,0,1,31.0
982.95,0,0,1,1,48.0
2974.5,1,0,0,1,30.0
198.7,1,0,0,1,10.0
1275.65,1,0,0,1,12.0
4003.0,0,0,1,1,57.0
3791.6,1,0,0,1,32.15138772077376
813.3,0,0,1,1,37.0
780.25,1,0,0,1,44.0
552.9,0,1,0,1,27.0
408.25,1,0,0,1,8.0
231.8,1,0,0,1,3.0
2191.15,1,0,0,1,25.0
5611.7,1,0,0,1,57.0
246.25,1,0,0,1,12.0
1296.15,0,0,1,1,62.0
7082.85,0,0,1,1,65.0
5662.25,0,0,1,1,71.0
1215.45,0,1,0,1,21.0
7854.15,0,1,0,1,71.0
525.0,1,0,0,1,7.0
5265.2,0,0,1,1,72.0
70.1,1,0,0,1,1.0
7129.45,0,0,1,1,72.0
7266.95,0,1,0,1,64.0
8496.7,0,0,1,1,72.0
2878.75,1,0,0,1,29.0
261.3,0,0,1,1,13.0
3205.6,1,0,0,1,31.0
69.75,1,0,0,1,1.0
279.25,1,0,0,0,7.0
6281.45,1,0,0,1,61.0
1131.3,1,0,0,0,39.0
738.2,1,0,0,1,10.0
1137.05,1,0,0,1,14.0
80.2,1,0,0,1,1.0
6341.45,0,1,0,1,67.0
6697.2,0,0,1,1,72.0
260.8,1,0,0,1,6.0
19.6,1,0,0,1,1.0
505.45,0,1,0,1,25.0
3655.45,1,0,0,1,33.0
1299.8,1,0,0,1,18.0
5564.85,0,0,1,1,71.0
1381.8,0,1,0,1,28.0
188.1,1,0,0,1,2.0
1077.05,1,0,0,1,17.0
4922.4,1,0,0,1,56.0
2911.5,0,1,0,0,60.0
826.1,0,0,1,1,33.0
83.4,1,0,0,1,1.0
140.7,1,0,0,1,2.0
2279.0,0,0,1,1,63.0
665.45,1,0,0,1,7.0
3617.1,0,0,1,1,55.0
6643.5,0,1,0,1,65.0
84.8,1,0,0,1,1.0
1559.3,0,0,1,1,63.0
7987.6,0,0,1,1,70.0
1547.35,0,0,1,0,36.0
5426.85,0,1,0,1,52.0
1127.35,1,0,0,1,22.0
2142.8,1,0,0,1,22.0
287.85,1,0,0,1,5.0
4045.65,1,0,0,1,47.0
2757.85,1,0,0,1,33.0
600.0,1,0,0,0,18.0
19.8,1,0,0,1,1.0
4534.45,0,0,1,1,56.0
40.9,1,0,0,1,2.0
2094.9,1,0,0,1,35.0
1584.8,0,0,1,1,64.0
1302.65,1,0,0,0,15.0
2238.5,1,0,0,1,24.0
55.55,1,0,0,1,1.0
5437.75,0,0,1,1,70.0
90.75,1,0,0,1,1.0
365.65,1,0,0,1,4.0
2209.15,0,1,0,1,39.0
1912.15,1,0,0,1,29.0
255.55,0,0,1,1,14.0
5175.3,0,0,1,1,61.0
670.65,1,0,0,1,13.0
3177.25,0,0,1,0,66.0
90.35,1,0,0,0,2.0
6557.75,0,1,0,1,59.0
5791.85,0,1,0,1,32.15138772077376
3055.5,0,1,0,1,33.0
5196.1,0,0,1,1,66.0
8405.0,0,0,1,1,72.0
19.75,1,0,0,1,1.0
1789.25,1,0,0,1,19.0
5000.05,0,1,0,1,51.0
6713.2,1,0,0,1,63.0
562.6,0,1,0,1,27.0
2317.1,1,0,0,1,22.0
828.85,0,0,1,1,42.0
617.35,0,1,0,1,29.0
266.9,1,0,0,1,4.0
625.05,0,1,0,1,30.0
301.4,1,0,0,1,4.0
6029.9,0,0,1,1,71.0
1842.7,0,0,1,0,46.0
206.6,1,0,0,1,4.0
604.7,1,0,0,1,7.0
7386.05,0,1,0,1,69.0
7334.05,0,0,1,1,72.0
1471.75,1,0,0,1,19.0
2626.15,1,0,0,1,28.0
8277.05,0,0,1,1,72.0
583.45,1,0,0,1,8.0
369.25,0,1,0,1,7.0
1049.05,1,0,0,1,22.0
1414.8,0,0,1,1,72.0
169.75,1,0,0,1,8.0
4354.45,0,1,0,1,52.0
2719.2,0,0,1,0,68.0
6365.35,0,0,1,1,71.0
51.6,1,0,0,1,2.0
3190.25,1,0,0,1,34.0
812.5,1,0,0,0,35.0
1143.8,0,1,0,1,61.0
44.0,1,0,0,1,1.0
50.1,1,0,0,1,1.0
3297.0,0,1,0,1,53.0
1887.0,0,0,1,1,72.0
151.8,1,0,0,0,2.0
293.65,1,0,0,1,3.0
1308.1,1,0,0,1,13.0
2215.4,1,0,0,0,41.0
482.8,0,1,0,1,24.0
2598.95,0,1,0,1,28.0
216.45,1,0,0,0,8.0
20.45,1,0,0,1,1.0
5064.85,0,0,1,1,54.0
996.45,1,0,0,1,41.0
839.65,1,0,0,1,19.0
6733.0,0,0,1,1,72.0
2618.3,0,0,1,0,62.0
4084.35,0,0,1,1,56.0
765.5,1,0,0,1,15.0
793.55,1,0,0,1,10.0
613.95,0,0,1,1,32.0
402.85,1,0,0,1,21.0
1244.8,0,1,0,1,62.0
46.4,1,0,0,0,2.0
581.85,0,0,1,1,27.0
462.8,1,0,0,1,5.0
1540.2,0,1,0,0,25.0
169.8,1,0,0,1,2.0
5168.1,0,1,0,1,49.0
6780.1,1,0,0,1,63.0
94.5,1,0,0,1,4.0
55.3,1,0,0,1,1.0
208.0,1,0,0,1,11.0
3829.75,1,0,0,1,52.0
5294.6,1,0,0,1,60.0
6889.8,0,1,0,1,64.0
3254.35,0,0,1,1,43.0
6383.9,0,1,0,1,61.0
44.4,1,0,0,1,1.0
4447.55,0,0,1,1,66.0
7321.05,0,0,1,1,67.0
4135.0,0,0,1,1,42.0
86.05,1,0,0,1,1.0
697.7,0,0,1,1,31.0
168.65,1,0,0,1,7.0
174.3,1,0,0,0,4.0
2753.8,0,1,0,1,34.0
69.25,0,1,0,1,3.0
434.8,1,0,0,0,19.0
1077.5,1,0,0,0,31.0
95.65,1,0,0,1,1.0
107.25,1,0,0,0,3.0
851.2,1,0,0,1,46.0
20.95,1,0,0,1,1.0
5848.6,0,1,0,1,69.0
109.8,1,0,0,1,5.0
19.65,1,0,0,0,1.0
2279.0,0,1,0,1,26.0
329.8,1,0,0,0,10.0
2513.5,0,0,1,1,32.15138772077376
5135.35,1,0,0,1,64.0
2000.2,1,0,0,1,30.0
931.75,1,0,0,1,13.0
7396.15,0,1,0,1,64.0
3958.85,1,0,0,1,46.0
260.9,0,1,0,1,12.0
297.3,1,0,0,1,15.0
1515.1,1,0,0,1,17.0
816.8,1,0,0,1,13.0
4868.4,0,0,1,1,67.0
688.0,1,0,0,0,24.0
288.35,1,0,0,1,6.0
3229.65,0,1,0,1,53.0
1178.25,1,0,0,1,16.0
185.4,1,0,0,1,10.0
966.25,0,1,0,1,13.0
758.6,1,0,0,1,9.0
265.8,1,0,0,0,7.0
3297.0,0,0,1,1,38.0
4107.3,1,0,0,1,43.0
396.3,1,0,0,1,4.0
2809.05,0,0,1,1,25.0
1567.55,0,1,0,1,27.0
1851.45,0,0,1,1,72.0
6028.95,0,1,0,1,71.0
2072.75,1,0,0,1,24.0
5551.15,0,0,1,1,50.0
4317.35,0,0,1,1,57.0
736.8,1,0,0,1,15.0
336.15,1,0,0,1,4.0
1522.65,1,0,0,1,28.0
622.9,1,0,0,1,9.0
4959.6,1,0,0,1,55.0
329.95,1,0,0,1,3.0
1048.85,1,0,0,1,10.0
1001.5,0,1,0,1,55.0
442.6,1,0,0,1,20.0
6703.5,0,1,0,1,62.0
3351.55,1,0,0,1,32.0
779.25,0,0,1,1,43.0
259.8,0,1,0,0,9.0
3483.45,0,0,1,1,60.0
4890.5,0,0,1,1,58.0
136.75,0,1,0,1,7.0
184.15,1,0,0,1,2.0
1315.0,1,0,0,0,37.0
6767.1,0,1,0,1,65.0
757.95,0,0,1,1,39.0
6890.0,0,1,0,1,66.0
1657.4,0,0,1,1,68.0
3008.55,0,0,1,0,62.0
262.05,1,0,0,1,3.0
8165.1,0,0,1,1,72.0
875.55,0,0,1,1,41.0
2649.15,1,0,0,1,29.0
220.65,1,0,0,1,4.0
1301.9,0,1,0,1,53.0
74.4,1,0,0,1,1.0
3326.2,1,0,0,1,41.0
790.0,0,0,1,1,39.0
1237.65,0,0,1,1,63.0
378.6,1,0,0,1,15.0
592.65,0,1,0,1,13.0
50.15,1,0,0,1,1.0
20.45,0,0,1,1,1.0
560.85,1,0,0,1,8.0
3638.25,0,0,1,1,60.0
1060.2,1,0,0,1,12.0
2921.75,0,1,0,1,40.0
4017.45,0,0,1,1,66.0
854.9,0,1,0,0,42.0
4174.35,0,1,0,1,66.0
4920.55,1,0,0,1,49.0
20.5,1,0,0,1,1.0
810.3,0,0,1,1,41.0
772.4,0,0,1,1,41.0
1936.85,1,0,0,1,23.0
79.8,1,0,0,0,3.0
202.25,1,0,0,0,4.0
1070.5,0,0,1,1,52.0
347.65,1,0,0,1,4.0
999.9,1,0,0,1,11.0
113.1,1,0,0,1,2.0
2015.8,1,0,0,1,26.0
1454.25,0,1,0,1,24.0
246.7,1,0,0,1,12.0
6017.9,1,0,0,1,60.0
5817.45,0,0,1,1,64.0
5595.3,0,0,1,1,66.0
4765.0,0,1,0,1,60.0
1201.65,0,1,0,1,17.0
867.3,0,0,1,1,42.0
3007.25,0,0,1,1,47.0
252.75,1,0,0,1,10.0
6306.5,0,0,1,1,70.0
6841.05,1,0,0,1,67.0
81.95,1,0,0,1,1.0
451.1,1,0,0,1,7.0
44.6,1,0,0,1,1.0
226.2,1,0,0,1,32.15138772077376
7082.5,0,0,1,1,66.0
1017.35,1,0,0,1,12.0
527.35,0,1,0,1,24.0
2146.5,1,0,0,1,26.0
455.3,1,0,0,1,6.0
5969.85,0,0,1,0,57.0
1235.55,1,0,0,1,14.0
1014.25,0,0,1,1,42.0
2362.1,1,0,0,1,25.0
1225.65,0,0,1,1,64.0
1873.7,1,0,0,1,22.0
386.5,0,1,0,1,19.0
6010.05,1,0,0,1,61.0
1850.65,1,0,0,1,22.0
7101.5,1,0,0,1,70.0
1043.4,1,0,0,1,12.0
1910.75,0,1,0,1,31.0
716.1,1,0,0,1,11.0
1686.15,0,0,1,1,68.0
6716.45,0,0,1,1,72.0
7839.85,0,0,1,1,67.0
6236.75,1,0,0,1,60.0
45.05,1,0,0,1,1.0
71.0,1,0,0,1,1.0
2919.85,0,1,0,0,58.0
3309.25,1,0,0,1,47.0
79.7,1,0,0,1,1.0
20.45,1,0,0,1,1.0
1254.7,1,0,0,1,22.0
2896.4,0,1,0,1,48.0
717.5,0,1,0,1,37.0
253.8,0,1,0,1,13.0
1110.05,0,0,1,1,43.0
348.8,0,0,1,0,6.0
3888.65,0,0,1,0,71.0
69.25,1,0,0,1,1.0
6843.15,0,0,1,1,72.0
450.9,1,0,0,1,6.0
432.25,1,0,0,0,12.0
1767.35,1,0,0,1,25.0
1742.45,0,1,0,1,21.0
297.35,1,0,0,1,6.0
1820.45,1,0,0,1,20.0
1742.95,1,0,0,1,18.0
2444.25,0,1,0,1,43.0
949.8,0,0,1,0,35.0
73.5,1,0,0,1,1.0
2970.8,1,0,0,1,32.0
3334.95,0,0,1,0,52.0
2010.95,0,1,0,1,32.0
4684.3,0,0,1,0,72.0
2181.55,1,0,0,0,51.0
1303.25,0,0,1,1,68.0
371.4,1,0,0,0,8.0
2409.9,0,0,1,0,49.0
6155.4,0,0,1,1,72.0
829.1,1,0,0,1,9.0
2602.9,1,0,0,1,28.0
4667.0,1,0,0,1,54.0
824.75,1,0,0,1,11.0
2279.0,0,1,0,1,50.0
8182.85,0,0,1,1,69.0
69.9,1,0,0,1,1.0
6683.4,0,0,1,1,68.0
1564.05,0,1,0,0,40.0
755.6,0,0,1,1,31.0
3465.05,1,0,0,1,33.0
6292.7,0,0,1,1,55.0
1664.3,0,0,1,1,68.0
198.1,1,0,0,1,12.0
6045.9,0,0,1,1,71.0
4108.15,1,0,0,1,40.0
5980.75,0,1,0,1,64.0
5043.2,0,1,0,1,53.0
1029.75,1,0,0,1,12.0
2854.55,1,0,0,0,53.0
7114.25,0,0,1,1,72.0
907.05,0,0,1,1,46.0
973.95,0,0,1,1,40.0
605.75,1,0,0,0,12.0
661.55,1,0,0,1,9.0
4116.9,1,0,0,1,51.0
4259.3,1,0,0,1,41.0
3282.75,0,1,0,1,56.0
55.7,1,0,0,1,4.0
1274.45,0,1,0,1,20.0
493.95,1,0,0,1,26.0
2239.65,1,0,0,1,20.0
480.75,1,0,0,1,7.0
635.6,1,0,0,1,7.0
5038.15,1,0,0,1,51.0
324.2,1,0,0,1,4.0
19.55,1,0,0,1,1.0
2793.55,1,0,0,1,27.0
2095.0,1,0,0,1,22.0
648.65,1,0,0,1,12.0
95.05,1,0,0,0,3.0
917.15,0,1,0,1,34.0
4242.35,1,0,0,1,51.0
672.7,1,0,0,0,14.0
6561.25,0,0,1,1,59.0
268.45,1,0,0,1,3.0
7337.55,0,0,1,1,65.0
331.9,1,0,0,1,5.0
5194.05,0,0,1,1,59.0
4478.85,0,0,1,0,72.0
6283.3,1,0,0,1,62.0
2659.4,1,0,0,1,28.0
196.9,1,0,0,1,3.0
439.2,1,0,0,1,19.0
19.5,1,0,0,1,1.0
2107.15,1,0,0,1,24.0
3035.8,0,1,0,1,57.0
1866.45,0,0,1,1,72.0
1430.95,0,0,1,1,67.0
1071.6,0,1,0,1,52.0
6457.15,0,0,1,1,71.0
684.05,0,1,0,1,26.0
3914.05,0,0,1,1,35.0
3842.6,0,0,1,1,55.0
670.35,0,0,1,1,33.0
7880.25,0,0,1,1,72.0
19.2,1,0,0,1,1.0
298.45,1,0,0,0,10.0
3371.75,1,0,0,1,37.0
442.45,1,0,0,0,12.0
20.4,0,1,0,1,1.0
2345.55,0,0,1,0,62.0
25.25,1,0,0,0,1.0
1156.35,1,0,0,1,18.0
6143.15,1,0,0,1,69.0
144.8,1,0,0,1,2.0
414.95,1,0,0,1,19.0
1059.55,1,0,0,1,12.0
181.8,1,0,0,1,9.0
2212.55,0,1,0,1,27.0
2180.55,1,0,0,1,27.0
89.15,1,0,0,1,1.0
459.95,1,0,0,1,24.0
1036.75,1,0,0,1,14.0
2276.95,1,0,0,1,32.0
211.95,0,1,0,1,11.0
25.0,1,0,0,1,1.0
3162.65,1,0,0,1,38.0
210.65,0,0,1,1,9.0
3566.7,0,0,1,1,54.0
2080.1,0,1,0,1,29.0
4040.2,1,0,0,1,44.0
5186.0,0,0,1,1,59.0
196.15,1,0,0,1,3.0
1087.45,0,1,0,1,18.0
1672.15,0,0,1,1,67.0
1206.05,1,0,0,1,22.0
1113.95,0,1,0,0,33.0
107.05,1,0,0,1,5.0
38.15,1,0,0,1,2.0
6339.3,0,0,1,1,72.0
184.1,1,0,0,1,32.15138772077376
1688.9,0,0,1,1,67.0
1378.25,1,0,0,1,16.0
137.6,1,0,0,1,8.0
219.0,1,0,0,0,5.0
1067.15,0,1,0,1,23.0
79.55,1,0,0,1,1.0
3444.85,1,0,0,1,50.0
369.05,0,0,1,1,17.0
7553.6,0,0,1,1,68.0
84.5,1,0,0,1,1.0
1813.1,1,0,0,1,25.0
3321.35,0,1,0,0,67.0
707.5,0,1,0,1,32.0
7112.15,0,1,0,1,67.0
4641.1,0,0,1,0,72.0
7690.9,0,0,1,1,71.0
1380.1,1,0,0,0,46.0
78.65,1,0,0,0,2.0
45.4,1,0,0,1,1.0
3094.65,0,1,0,1,48.0
6518.35,0,1,0,1,61.0
2585.95,1,0,0,1,32.0
82.7,1,0,0,1,2.0
58.85,1,0,0,1,3.0
425.9,1,0,0,1,5.0
6342.7,0,0,1,1,71.0
2030.75,1,0,0,1,37.0
6700.05,0,0,1,1,65.0
7244.7,0,1,0,1,67.0
3678.3,1,0,0,0,49.0
3486.65,0,0,1,1,50.0
411.15,0,1,0,1,25.0
937.5,0,1,0,1,17.0
1559.15,0,0,1,1,64.0
970.4,0,1,0,0,25.0
2483.5,1,0,0,1,23.0
828.2,1,0,0,0,24.0
3810.55,1,0,0,1,37.0
1493.2,1,0,0,1,21.0
45.8,1,0,0,1,1.0
777.3,1,0,0,1,10.0
556.35,1,0,0,1,6.0
4911.05,0,1,0,1,51.0
187.35,1,0,0,1,10.0
2279.0,1,0,0,0,6.0
4318.35,0,0,1,1,47.0
4820.55,0,1,0,1,61.0
3038.55,0,0,1,0,52.0
2136.9,1,0,0,1,35.0
7472.15,0,1,0,1,71.0
389.1,1,0,0,1,6.0
2296.25,0,0,1,1,45.0
187.45,1,0,0,1,2.0
261.25,1,0,0,1,4.0
38.45,1,0,0,0,2.0
299.2,1,0,0,1,4.0
3043.6,0,1,0,1,51.0
1506.4,0,1,0,1,60.0
163.7,0,1,0,1,9.0
323.25,1,0,0,1,3.0
1640.0,1,0,0,1,17.0
762.1,1,0,0,1,8.0
3846.35,0,0,1,1,46.0
5646.6,0,0,1,1,68.0
53.5,1,0,0,1,1.0
79.05,0,1,0,1,4.0
25.1,1,0,0,0,1.0
1516.6,0,1,0,1,28.0
2224.5,0,1,0,1,32.15138772077376
888.75,1,0,0,1,11.0
4310.35,0,0,1,0,71.0
42.9,1,0,0,1,2.0
2365.15,1,0,0,1,30.0
353.65,0,1,0,1,17.0
5073.1,1,0,0,1,55.0
4526.85,1,0,0,1,58.0
308.25,1,0,0,1,5.0
19.45,1,0,0,1,1.0
678.45,1,0,0,1,9.0
1237.3,1,0,0,1,26.0
1023.95,0,0,1,1,50.0
8182.75,0,0,1,1,72.0
4532.3,0,1,0,1,43.0
1444.05,0,0,1,1,56.0
19.1,1,0,0,1,1.0
7372.65,0,0,1,1,72.0
7325.1,0,0,1,1,72.0
3474.2,1,0,0,1,36.0
392.65,1,0,0,0,5.0
1058.6,1,0,0,1,13.0
3990.75,0,1,0,1,44.0
7475.85,0,1,0,1,70.0
835.5,0,1,0,1,44.0
2628.6,1,0,0,1,32.0
1718.35,0,0,1,1,69.0
1023.9,1,0,0,1,16.0
1193.55,0,1,0,1,68.0
1205.5,1,0,0,1,16.0
5776.45,0,0,1,1,68.0
78.9,1,0,0,1,4.0
1025.15,1,0,0,0,26.0
856.35,1,0,0,0,29.0
122.0,1,0,0,1,5.0
6602.9,0,1,0,1,70.0
1712.9,0,1,0,1,24.0
5682.25,0,0,1,1,72.0
74.3,1,0,0,1,1.0
3635.15,0,1,0,0,70.0
702.9,1,0,0,0,36.0
3734.25,1,0,0,1,38.0
1144.5,1,0,0,1,17.0
4454.25,0,1,0,1,41.0
45.3,1,0,0,1,1.0
2279.0,1,0,0,0,2.0
1117.55,1,0,0,1,14.0
180.25,1,0,0,0,2.0
19.8,1,0,0,1,1.0
930.05,1,0,0,1,13.0
110.15,1,0,0,1,6.0
333.6,1,0,0,0,4.0
465.05,1,0,0,1,5.0
1669.4,1,0,0,1,15.0
3545.1,1,0,0,1,47.0
440.2,1,0,0,0,17.0
1151.55,1,0,0,1,15.0
2475.35,0,1,0,1,26.0
1249.25,1,0,0,1,23.0
317.75,1,0,0,1,4.0
535.05,0,1,0,1,29.0
461.3,1,0,0,1,25.0
431.0,1,0,0,1,9.0
878.35,1,0,0,1,18.0
335.75,1,0,0,1,3.0
3121.4,0,0,1,0,69.0
324.8,0,1,0,1,14.0
1394.55,1,0,0,1,19.0
3413.25,1,0,0,1,39.0
3143.65,1,0,0,1,31.0
439.75,0,1,0,1,24.0
664.4,1,0,0,1,14.0
4759.55,0,0,1,1,64.0
1033.0,0,1,0,1,50.0
3482.85,0,1,0,1,52.0
2688.45,0,1,0,1,28.0
435.25,0,0,1,1,21.0
2448.75,1,0,0,1,25.0
307.0,0,1,0,1,17.0
2689.35,0,1,0,0,58.0
1329.2,1,0,0,1,17.0
1281.25,0,0,1,1,51.0
3527.0,0,0,1,0,72.0
4348.65,1,0,0,1,52.0
561.15,0,0,1,1,27.0
63.6,1,0,0,1,3.0
5129.3,0,0,1,1,64.0
4285.8,0,0,1,1,45.0
93.7,1,0,0,0,3.0
5894.5,0,0,1,1,71.0
25.05,1,0,0,0,1.0
1160.75,0,0,1,1,58.0
3091.75,1,0,0,1,34.0
365.55,1,0,0,1,8.0
272.95,1,0,0,1,15.0
3632.0,0,0,1,0,66.0
381.2,1,0,0,0,12.0
1035.5,0,0,1,1,58.0
52.0,0,0,1,1,3.0
2342.2,1,0,0,0,43.0
653.9,1,0,0,1,9.0
71.2,0,1,0,1,3.0
1498.2,0,1,0,1,22.0
4178.65,0,1,0,1,40.0
1821.8,0,0,1,1,68.0
5278.15,1,0,0,1,54.0
4024.2,0,0,1,1,50.0
55.25,1,0,0,1,1.0
6520.8,0,0,1,1,72.0
854.9,0,1,0,1,40.0
8308.9,0,0,1,1,72.0
109.2,1,0,0,1,6.0
92.05,1,0,0,1,5.0
3420.5,0,1,0,1,48.0
93.85,1,0,0,1,1.0
4068.0,0,1,0,1,64.0
337.9,0,1,0,1,17.0
3168.75,1,0,0,1,40.0
1412.4,0,1,0,0,41.0
3974.7,0,1,0,1,51.0
3439.0,1,0,0,1,41.0
50.45,1,0,0,1,1.0
42.45,1,0,0,1,2.0
5461.45,0,1,0,1,68.0
571.75,0,0,1,1,24.0
5498.2,0,0,1,1,70.0
96.85,1,0,0,0,3.0
111.05,1,0,0,1,2.0
94.4,1,0,0,0,3.0
521.1,1,0,0,1,7.0
923.85,1,0,0,1,13.0
141.1,1,0,0,1,7.0
628.65,1,0,0,1,12.0
5576.3,0,1,0,1,53.0
1046.1,1,0,0,1,12.0
1245.6,0,0,1,1,63.0
1287.85,1,0,0,1,15.0
1939.35,0,1,0,1,36.0
118.25,1,0,0,0,4.0
452.55,0,0,1,1,24.0
2696.55,0,1,0,0,61.0
875.35,1,0,0,1,16.0
1267.05,0,0,1,1,65.0
494.9,0,0,1,1,26.0
799.0,1,0,0,1,16.0
5763.3,0,1,0,1,54.0
20.1,1,0,0,1,1.0
106.9,0,0,1,1,5.0
710.05,1,0,0,0,19.0
568.2,1,0,0,0,10.0
1900.25,1,0,0,1,23.0
159.15,1,0,0,1,3.0
8012.75,0,0,1,1,72.0
856.65,1,0,0,1,10.0
551.3,1,0,0,1,10.0
184.95,0,1,0,1,11.0
4056.75,1,0,0,1,37.0
1096.65,0,1,0,1,17.0
3684.95,1,0,0,1,36.0
1752.45,1,0,0,1,17.0
7210.85,0,1,0,1,66.0
5264.5,0,1,0,1,61.0
2157.3,1,0,0,1,22.0
24.4,1,0,0,0,1.0
433.95,1,0,0,1,6.0
2435.15,1,0,0,1,31.0
2279.0,0,0,1,1,68.0
2874.15,1,0,0,1,34.0
4433.3,1,0,0,1,52.0
964.35,1,0,0,1,10.0
1974.8,1,0,0,1,29.0
1460.85,0,0,1,1,72.0
951.55,0,1,0,1,47.0
1821.2,0,1,0,1,24.0
1600.95,0,1,0,1,65.0
399.25,1,0,0,1,4.0
1218.55,1,0,0,1,12.0
81.7,1,0,0,1,1.0
2171.15,1,0,0,1,33.0
3634.8,1,0,0,1,34.0
292.4,0,0,1,1,14.0
317.25,1,0,0,1,4.0
218.55,0,1,0,1,13.0
5071.9,0,0,1,1,65.0
1423.35,0,1,0,1,23.0
3068.6,0,0,1,1,55.0
4690.65,0,0,1,1,49.0
6157.6,0,1,0,1,60.0
1442.65,0,1,0,1,69.0
3369.05,1,0,0,1,40.0
4671.65,0,0,1,1,67.0
3474.05,1,0,0,1,32.15138772077376
1875.55,0,1,0,1,19.0
272.35,0,0,1,1,13.0
3645.05,1,0,0,1,41.0
135.75,1,0,0,0,4.0
1319.85,1,0,0,1,24.0
229.4,1,0,0,0,5.0
370.25,1,0,0,1,5.0
69.1,1,0,0,1,1.0
5714.2,0,0,1,1,72.0
1233.25,1,0,0,1,24.0
3571.6,0,0,1,1,42.0
83.3,1,0,0,1,4.0
8035.95,0,1,0,1,68.0
579.4,0,1,0,1,33.0
69.6,1,0,0,1,1.0
3066.45,0,1,0,1,31.0
305.55,1,0,0,1,4.0
2279.0,0,0,1,1,69.0
3653.0,1,0,0,1,38.0
241.3,1,0,0,1,3.0
3870.3,0,0,1,1,48.0
387.9,0,0,1,1,15.0
527.5,0,1,0,1,25.0
78.45,1,0,0,1,1.0
2104.55,1,0,0,0,48.0
20.3,1,0,0,1,1.0
19.2,1,0,0,1,1.0
3019.1,0,1,0,1,37.0
7051.95,0,1,0,1,66.0
1190.5,0,1,0,0,26.0
4448.8,0,1,0,0,63.0
255.25,1,0,0,0,10.0
146.9,1,0,0,1,32.15138772077376
1011.05,1,0,0,1,18.0
1714.95,0,0,1,1,64.0
762.5,1,0,0,1,9.0
535.35,1,0,0,1,28.0
75.55,1,0,0,1,1.0
338.9,1,0,0,1,4.0
6273.4,0,1,0,1,66.0
70.25,1,0,0,1,1.0
908.75,1,0,0,1,18.0
4913.3,1,0,0,1,51.0
2279.0,0,0,1,1,0.0
46.3,1,0,0,1,1.0
212.3,0,0,1,1,12.0
4443.45,1,0,0,1,41.0
316.2,1,0,0,1,12.0
1079.05,0,0,1,1,55.0
564.65,1,0,0,1,7.0
1095.65,1,0,0,1,12.0
6161.9,0,0,1,1,68.0
446.05,1,0,0,1,5.0
2106.05,1,0,0,1,49.0
2511.55,0,1,0,0,40.0
318.6,0,1,0,1,16.0
811.8,1,0,0,1,10.0
7323.15,0,1,0,1,72.0
186.05,1,0,0,1,2.0
454.0,0,0,1,1,23.0
7521.95,0,1,0,1,71.0
1056.95,1,0,0,1,11.0
44.15,1,0,0,1,1.0
834.15,1,0,0,1,16.0
85.45,1,0,0,1,1.0
999.8,1,0,0,1,12.0
2369.7,0,1,0,0,54.0
6297.65,0,0,1,1,68.0
239.55,1,0,0,1,4.0
59.2,1,0,0,1,1.0
1461.45,1,0,0,1,32.15138772077376
416.4,1,0,0,1,21.0
1060.6,1,0,0,1,13.0
4869.35,1,0,0,1,64.0
54.9,1,0,0,1,1.0
3265.95,0,0,1,0,57.0
2254.2,1,0,0,1,21.0
358.15,0,0,1,1,19.0
2939.8,0,1,0,1,31.0
4652.4,0,0,1,1,52.0
4408.45,0,1,0,1,46.0
580.8,1,0,0,1,11.0
2495.2,1,0,0,0,53.0
180.3,1,0,0,1,11.0
5913.95,1,0,0,1,57.0
158.4,1,0,0,1,2.0
104.2,1,0,0,1,2.0
1389.35,0,0,1,1,71.0
19.4,1,0,0,1,1.0
1629.2,0,0,1,1,68.0
6033.1,0,0,1,1,72.0
44.4,1,0,0,1,2.0
95.1,1,0,0,1,1.0
3320.75,0,1,0,1,41.0
1867.7,0,0,1,1,72.0
438.0,1,0,0,1,6.0
325.45,1,0,0,1,4.0
1148.1,1,0,0,1,12.0
3972.25,0,1,0,1,58.0
155.9,1,0,0,1,7.0
3673.15,1,0,0,1,65.0
70.6,1,0,0,1,1.0
1126.75,0,1,0,1,56.0
73.45,1,0,0,1,4.0
2413.05,0,1,0,1,58.0
6912.7,0,0,1,1,62.0
1581.95,0,1,0,1,26.0
5586.45,1,0,0,1,62.0
5846.65,0,1,0,1,58.0
6424.7,0,0,1,1,68.0
6018.65,0,1,0,1,61.0
3373.4,0,0,1,1,42.0
1537.9,1,0,0,1,18.0
1080.55,0,0,1,1,56.0
355.2,1,0,0,1,4.0
82.85,1,0,0,1,32.15138772077376
2016.45,0,1,0,1,35.0
5327.25,1,0,0,1,64.0
683.25,0,1,0,1,31.0
1263.05,0,0,1,1,67.0
151.3,1,0,0,1,4.0
7714.65,0,0,1,1,70.0
188.7,1,0,0,1,3.0
5549.4,1,0,0,1,53.0
130.5,0,0,1,1,2.0
2621.75,1,0,0,1,29.0
1875.25,0,0,1,0,47.0
5685.8,0,1,0,1,68.0
837.5,1,0,0,1,12.0
401.5,1,0,0,1,8.0
6118.95,1,0,0,1,54.0
6480.9,0,0,1,1,69.0
1800.05,1,0,0,1,26.0
7104.2,0,0,1,1,72.0
4214.25,0,0,1,0,70.0
50.6,1,0,0,1,1.0
863.1,1,0,0,1,10.0
1992.2,0,1,0,1,28.0
69.8,1,0,0,1,1.0
1948.35,1,0,0,1,21.0
4750.95,1,0,0,1,51.0
1007.9,0,1,0,1,53.0
5036.9,0,1,0,1,53.0
2391.8,1,0,0,1,24.0
6859.05,0,0,1,1,70.0
6521.9,0,1,0,1,61.0
617.85,0,1,0,1,11.0
157.75,1,0,0,1,2.0
516.3,0,1,0,1,25.0
2364.0,0,1,0,1,32.15138772077376
1687.95,1,0,0,1,18.0
7689.95,0,0,1,1,72.0
6239.05,0,0,1,1,71.0
2279.0,0,1,0,1,34.0
2807.1,1,0,0,1,29.0
4116.8,0,1,0,1,40.0
1317.95,0,1,0,0,36.0
4594.65,0,1,0,1,46.0
6332.75,0,1,0,1,58.0
3213.75,0,1,0,1,39.0
229.55,1,0,0,1,4.0
4976.15,0,1,0,1,52.0
7308.95,0,1,0,1,70.0
4555.2,0,1,0,1,65.0
44.95,1,0,0,1,1.0
6982.5,0,1,0,1,70.0
1025.15,1,0,0,0,29.0
90.55,1,0,0,1,1.0
5714.2,0,0,1,1,67.0
19.5,1,0,0,1,1.0
2274.35,1,0,0,1,26.0
789.55,0,0,1,1,30.0
4834.0,1,0,0,1,48.0
3131.8,1,0,0,1,55.0
602.55,1,0,0,1,7.0
3369.25,1,0,0,1,37.0
2674.15,1,0,0,1,31.0
199.75,1,0,0,1,4.0
1790.8,0,0,1,1,72.0
449.75,1,0,0,1,5.0
19.7,1,0,0,1,1.0
1400.3,1,0,0,1,15.0
411.6,1,0,0,1,8.0
741.0,0,1,0,1,35.0
5841.35,1,0,0,1,56.0
4512.7,1,0,0,1,42.0
5688.45,1,0,0,1,65.0
31.9,0,1,0,1,2.0
6674.65,0,1,0,1,65.0
1345.75,1,0,0,1,18.0
1843.05,0,1,0,1,23.0
196.95,1,0,0,1,4.0
1433.8,0,0,1,0,70.0
214.55,1,0,0,1,4.0
865.85,1,0,0,1,19.0
1358.6,1,0,0,1,18.0
3147.15,1,0,0,1,38.0
131.05,1,0,0,1,2.0
4535.85,0,1,0,1,47.0
1078.75,0,0,1,1,52.0
542.4,1,0,0,1,9.0
2312.55,0,1,0,1,26.0
415.05,1,0,0,1,8.0
3250.45,0,1,0,1,44.0
98.5,1,0,0,0,3.0
87.9,1,0,0,1,2.0
754.65,1,0,0,1,9.0
75.35,1,0,0,1,1.0
1952.25,1,0,0,1,25.0
153.8,1,0,0,1,2.0
3198.6,1,0,0,1,43.0
20.9,1,0,0,1,1.0
5610.15,0,1,0,1,58.0
4519.5,0,0,1,1,59.0
2440.25,0,1,0,0,44.0
6860.6,0,1,0,1,66.0
1377.7,0,0,1,1,68.0
190.25,1,0,0,0,9.0
1651.95,1,0,0,1,19.0
78.3,1,0,0,1,4.0
7939.25,0,0,1,1,70.0
44.9,1,0,0,1,1.0
576.7,1,0,0,1,8.0
1279.0,0,0,1,1,53.0
1260.7,0,1,0,1,51.0
267.35,1,0,0,1,11.0
6586.85,0,0,1,1,60.0
934.15,1,0,0,1,17.0
123.65,1,0,0,1,3.0
7534.65,0,1,0,1,70.0
19.45,1,0,0,1,1.0
3645.6,1,0,0,1,43.0
2279.0,1,0,0,1,16.0
3053.0,0,1,0,1,57.0
677.05,0,1,0,1,37.0
7965.95,0,0,1,1,72.0
906.85,1,0,0,1,11.0
4888.7,1,0,0,1,50.0
237.25,1,0,0,1,5.0
74.6,1,0,0,1,1.0
342.4,1,0,0,1,16.0
140.1,1,0,0,1,2.0
1108.0,1,0,0,1,17.0
295.55,0,1,0,1,16.0
892.65,1,0,0,1,15.0
198.25,0,1,0,1,10.0
4822.85,0,1,0,1,46.0
6741.15,0,0,1,1,64.0
79.15,1,0,0,1,1.0
1355.45,0,1,0,1,25.0
7209.0,0,0,1,1,71.0
438.4,1,0,0,1,8.0
7726.35,0,0,1,1,72.0
2070.75,1,0,0,0,49.0
1636.95,0,1,0,0,29.0
7581.5,0,0,1,1,72.0
3019.5,1,0,0,1,31.0
4729.75,1,0,0,1,50.0
6126.1,0,0,1,1,71.0
6333.4,0,0,1,1,70.0
6687.85,0,1,0,1,71.0
4158.25,0,0,1,1,61.0
3183.4,1,0,0,1,32.0
79.6,1,0,0,1,1.0
7149.35,0,0,1,1,68.0
1429.65,0,0,1,1,62.0
472.65,1,0,0,1,7.0
1734.5,1,0,0,1,20.0
113.5,0,1,0,1,6.0
1884.65,1,0,0,0,33.0
2568.15,0,1,0,1,28.0
470.0,0,0,1,1,27.0
278.4,1,0,0,1,7.0
2088.8,1,0,0,1,26.0
502.6,1,0,0,1,5.0
2595.85,1,0,0,1,30.0
5825.5,0,1,0,1,63.0
50.75,1,0,0,1,1.0
4449.75,0,1,0,1,53.0
1208.35,1,0,0,1,14.0
1956.4,1,0,0,1,21.0
310.6,0,1,0,1,17.0
290.55,0,0,1,1,16.0
2096.1,1,0,0,1,35.0
2665.0,1,0,0,1,32.0
543.8,1,0,0,1,28.0
20.35,1,0,0,1,1.0
3005.8,1,0,0,0,59.0
1623.15,0,1,0,1,72.0
2498.4,0,1,0,1,36.0
2586.0,1,0,0,1,40.0
3292.3,1,0,0,1,40.0
651.4,1,0,0,1,32.15138772077376
4674.55,0,0,1,1,63.0
232.35,1,0,0,1,3.0
2448.5,0,1,0,0,40.0
658.1,1,0,0,1,8.0
3128.8,0,1,0,1,34.0
223.45,1,0,0,0,5.0
919.4,1,0,0,1,9.0
653.95,1,0,0,1,9.0
1825.5,1,0,0,1,31.0
943.1,0,1,0,1,50.0
181.65,1,0,0,1,2.0
45.65,1,0,0,1,1.0
551.35,1,0,0,1,8.0
359.4,1,0,0,0,9.0
115.95,1,0,0,1,2.0
165.2,1,0,0,1,3.0
2338.35,1,0,0,1,25.0
46.3,1,0,0,1,1.0
3541.1,1,0,0,1,45.0
4146.05,1,0,0,1,51.0
1087.25,1,0,0,1,55.0
2522.4,1,0,0,1,38.0
81.0,1,0,0,1,2.0
717.3,1,0,0,1,38.0
1734.2,1,0,0,1,34.0
7069.3,0,1,0,1,70.0
742.9,0,1,0,1,13.0
3017.65,1,0,0,1,39.0
6423.0,0,1,0,1,61.0
1164.3,1,0,0,1,12.0
4220.35,0,0,1,1,41.0
1558.7,1,0,0,1,21.0
2743.45,0,1,0,0,55.0
4055.5,0,0,1,0,69.0
2710.25,1,0,0,1,26.0
6055.55,0,1,0,1,69.0
810.7,1,0,0,0,18.0
2538.2,1,0,0,1,47.0
6129.2,0,0,1,1,72.0
1750.85,1,0,0,0,33.0
36.55,1,0,0,0,2.0
6652.45,0,0,1,1,72.0
2575.45,1,0,0,1,37.0
6019.35,1,0,0,1,62.0
1379.6,0,0,1,1,71.0
1284.2,1,0,0,1,23.0
296.15,0,1,0,1,16.0
653.25,1,0,0,1,9.0
2279.0,0,0,1,1,17.0
85.5,1,0,0,1,4.0
49.55,1,0,0,1,1.0
1928.7,1,0,0,1,24.0
71.25,1,0,0,1,1.0
7845.8,0,0,1,1,72.0
1750.7,0,0,1,1,72.0
216.2,1,0,0,1,11.0
2279.0,1,0,0,1,9.0
115.1,1,0,0,1,2.0
6029.0,0,1,0,1,60.0
2745.2,1,0,0,1,29.0
3721.9,0,0,1,1,49.0
3121.1,1,0,0,1,30.0
990.45,0,1,0,1,53.0
1004.35,0,0,1,1,39.0
157.65,1,0,0,1,9.0
3219.75,0,1,0,1,39.0
572.85,1,0,0,1,8.0
4554.85,0,1,0,1,51.0
1847.55,0,0,1,1,71.0
1766.75,0,0,1,1,71.0
1462.05,0,0,1,1,70.0
25.25,1,0,0,0,1.0
2193.2,0,0,1,0,38.0
2433.5,1,0,0,1,28.0
641.15,1,0,0,1,32.0
2398.4,0,0,1,1,49.0
861.85,0,0,1,1,37.0
583.0,1,0,0,1,10.0
7332.4,0,1,0,1,67.0
249.55,0,1,0,0,7.0
4475.9,0,1,0,1,51.0
416.45,1,0,0,1,9.0
788.6,1,0,0,1,9.0
202.3,1,0,0,1,4.0
6994.6,0,0,1,1,71.0
4116.15,1,0,0,1,50.0
2263.45,0,0,1,1,24.0
1374.35,0,1,0,1,22.0
4915.15,1,0,0,1,44.0
838.5,1,0,0,1,33.0
75.1,1,0,0,1,1.0
3715.65,0,1,0,1,54.0
4273.45,1,0,0,1,42.0
45.8,1,0,0,1,1.0
20.5,1,0,0,1,1.0
2044.75,0,1,0,1,32.15138772077376
30.55,1,0,0,0,1.0
1398.25,1,0,0,1,16.0
20.1,1,0,0,1,1.0
328.95,1,0,0,0,9.0
4680.05,1,0,0,1,46.0
69.1,1,0,0,1,1.0
3778.2,0,0,1,1,71.0
3161.4,1,0,0,1,43.0
2188.45,0,1,0,0,50.0
999.45,1,0,0,1,13.0
1888.65,0,1,0,1,19.0
3990.6,1,0,0,1,41.0
71.15,1,0,0,1,1.0
1240.25,1,0,0,0,24.0
2635.0,0,1,0,1,40.0
235.0,1,0,0,1,3.0
2347.85,0,1,0,1,37.0
7156.2,0,0,1,1,67.0
3089.6,1,0,0,1,32.0
270.8,1,0,0,1,6.0
2901.8,1,0,0,1,32.0
2279.0,1,0,0,1,59.0
2198.9,0,1,0,1,30.0
374.5,1,0,0,1,20.0
761.95,0,0,1,1,27.0
1520.9,1,0,0,1,20.0
190.25,0,1,0,1,9.0
5163.0,0,1,0,1,68.0
4059.85,0,0,1,1,69.0
2281.6,1,0,0,1,26.0
1356.7,0,0,1,1,32.15138772077376
231.45,0,0,1,1,11.0
50.75,1,0,0,1,1.0
242.4,0,1,0,1,10.0
4264.25,0,1,0,1,55.0
2774.55,0,1,0,1,44.0
3605.2,1,0,0,1,46.0
4069.9,0,0,1,1,69.0
874.2,1,0,0,1,11.0
1145.35,1,0,0,1,11.0
1323.7,1,0,0,1,29.0
5497.05,1,0,0,1,57.0
534.7,0,1,0,1,28.0
2455.05,1,0,0,1,42.0
38.7,1,0,0,1,2.0
947.4,0,1,0,0,23.0
357.0,1,0,0,1,18.0
1476.25,0,1,0,1,62.0
70.8,1,0,0,1,1.0
1448.6,1,0,0,1,16.0
291.9,1,0,0,1,3.0
5903.15,0,1,0,1,67.0
1201.65,0,0,1,1,62.0
5921.35,1,0,0,1,57.0
146.65,1,0,0,1,2.0
1759.4,0,0,1,1,23.0
844.45,0,0,1,0,25.0
7774.05,0,0,1,1,72.0
134.05,1,0,0,1,2.0
140.95,0,1,0,1,8.0
249.95,1,0,0,1,5.0
1701.65,1,0,0,0,35.0
592.65,0,1,0,1,24.0
135.75,1,0,0,1,2.0
7732.65,0,0,1,1,72.0
4282.4,1,0,0,1,41.0
219.65,1,0,0,1,4.0
2279.0,0,1,0,1,26.0
669.0,1,0,0,1,7.0
68.95,1,0,0,1,1.0
224.85,1,0,0,1,4.0
3771.5,0,0,1,1,48.0
196.75,1,0,0,1,2.0
943.85,0,1,0,1,12.0
6572.85,1,0,0,1,60.0
3175.85,0,0,1,1,55.0
20.05,1,0,0,1,1.0
318.9,1,0,0,1,4.0
24.45,1,0,0,0,1.0
2762.75,0,0,1,1,42.0
49.55,1,0,0,1,1.0
631.85,1,0,0,1,7.0
232.5,1,0,0,1,3.0
5919.35,0,0,1,1,72.0
749.25,1,0,0,1,15.0
307.4,1,0,0,1,4.0
245.15,0,1,0,1,11.0
134.75,1,0,0,1,5.0
55.8,1,0,0,1,1.0
8240.85,0,0,1,1,72.0
4266.4,1,0,0,1,55.0
1077.5,1,0,0,1,40.0
1115.6,0,0,1,1,57.0
79.05,1,0,0,1,1.0
95.0,1,0,0,1,1.0
25.2,1,0,0,0,1.0
4079.55,0,1,0,1,52.0
4187.75,1,0,0,1,41.0
2391.15,0,1,0,1,43.0
890.5,0,0,1,1,47.0
137.25,1,0,0,1,3.0
5154.6,0,0,1,1,66.0
3119.9,0,0,1,1,55.0
529.5,0,1,0,1,29.0
966.55,1,0,0,1,12.0
6936.85,1,0,0,1,66.0
3496.3,1,0,0,1,35.0
914.3,1,0,0,1,10.0
1929.0,1,0,0,1,27.0
5817.7,1,0,0,1,58.0
6110.2,0,0,1,1,54.0
178.8,1,0,0,1,9.0
28.3,0,1,0,1,2.0
435.0,1,0,0,1,6.0
186.15,1,0,0,1,9.0
445.85,1,0,0,1,8.0
912.0,1,0,0,1,12.0
679.55,1,0,0,1,15.0
3581.6,0,1,0,1,43.0
4222.95,1,0,0,1,42.0
5930.05,0,0,1,1,66.0
1505.85,1,0,0,1,18.0
20.0,1,0,0,1,1.0
5638.3,0,0,1,1,61.0
797.25,1,0,0,1,10.0
71.65,1,0,0,1,1.0
1359.45,1,0,0,1,18.0
2542.45,1,0,0,1,24.0
54.7,1,0,0,1,3.0
989.05,0,1,0,1,50.0
44.55,1,0,0,1,1.0
87.3,1,0,0,1,2.0
351.55,0,1,0,1,17.0
7297.75,0,0,1,1,69.0
6301.7,0,0,1,1,32.15138772077376
210.3,1,0,0,1,3.0
3822.45,0,0,1,1,50.0
1048.45,0,0,1,1,53.0
6393.65,0,0,1,1,58.0
1489.3,0,1,0,0,46.0
8061.5,1,0,0,1,72.0
74.2,1,0,0,1,1.0
2279.0,0,0,1,1,72.0
238.5,1,0,0,1,4.0
1031.7,0,0,1,1,52.0
2279.0,0,0,1,1,0.0
34.8,0,1,0,1,2.0
1319.95,0,0,1,1,65.0
4388.4,1,0,0,1,43.0
420.2,1,0,0,1,4.0
2177.45,0,1,0,1,25.0
3950.85,0,1,0,1,51.0
827.05,1,0,0,1,12.0
3913.3,0,1,0,1,57.0
533.5,0,1,0,1,24.0
3756.45,0,1,0,1,64.0
443.9,0,1,0,1,4.0
2599.95,1,0,0,1,26.0
284.3,1,0,0,1,15.0
1740.8,0,0,1,1,64.0
3436.1,1,0,0,1,36.0
2462.55,1,0,0,1,27.0
70.85,1,0,0,1,1.0
3110.1,0,1,0,1,35.0
280.85,1,0,0,1,4.0
411.75,1,0,0,1,8.0
198.6,1,0,0,1,10.0
103.7,1,0,0,1,2.0
6144.55,0,0,1,1,58.0
4089.45,0,0,1,1,51.0
864.2,0,0,1,1,46.0
19.65,1,0,0,1,1.0
3249.4,1,0,0,1,46.0
5405.8,1,0,0,1,50.0
3363.8,1,0,0,1,53.0
7132.15,1,0,0,1,61.0
93.55,1,0,0,1,5.0
4138.9,0,1,0,1,47.0
5121.75,0,1,0,1,54.0
566.1,1,0,0,0,19.0
2715.3,0,0,1,1,26.0
1782.05,0,0,1,1,70.0
1742.5,1,0,0,1,17.0
2983.8,1,0,0,1,30.0
24.0,1,0,0,1,1.0
485.9,0,0,1,1,19.0
1905.7,0,0,1,1,26.0
1565.7,1,0,0,1,21.0
4858.7,0,1,0,1,50.0
3723.65,0,1,0,0,68.0
298.35,1,0,0,1,3.0
970.45,1,0,0,1,9.0
1782.0,0,0,1,0,51.0
405.7,1,0,0,0,9.0
4534.9,0,1,0,1,41.0
2415.95,1,0,0,1,22.0
1157.05,0,1,0,0,21.0
8297.5,0,0,1,1,71.0
45.75,1,0,0,0,1.0
2083.1,0,1,0,1,26.0
4681.75,0,0,1,1,71.0
176.2,1,0,0,1,4.0
1001.2,1,0,0,1,12.0
1594.75,1,0,0,1,18.0
212.4,1,0,0,1,3.0
7677.4,0,1,0,1,72.0
815.5,1,0,0,1,11.0
80.15,1,0,0,1,1.0
259.65,0,1,0,1,13.0
8109.8,0,1,0,1,72.0
2386.85,0,1,0,1,42.0
340.35,1,0,0,1,17.0
419.35,1,0,0,1,7.0
7990.05,0,0,1,1,68.0
749.35,0,1,0,1,38.0
8425.15,0,0,1,1,72.0
1171.5,0,1,0,1,48.0
2279.0,1,0,0,1,52.0
708.8,0,1,0,1,35.0
7567.2,0,0,1,1,67.0
29.9,1,0,0,0,1.0
4348.1,1,0,0,1,53.0
635.9,1,0,0,1,34.0
108.95,1,0,0,0,3.0
78.8,1,0,0,1,1.0
1682.4,1,0,0,1,19.0
6925.9,0,0,1,1,60.0
223.15,0,0,1,1,11.0
5127.95,1,0,0,1,47.0
874.8,1,0,0,1,18.0
6758.45,0,0,1,1,60.0
1874.3,0,0,1,1,72.0
791.15,0,1,0,1,39.0
4639.45,0,1,0,1,59.0
143.9,1,0,0,1,2.0
69.1,1,0,0,1,1.0
1776.55,1,0,0,1,20.0
536.4,1,0,0,1,6.0
6172.0,0,0,1,1,71.0
1559.45,1,0,0,1,24.0
6079.0,1,0,0,1,67.0
80.85,1,0,0,1,1.0
4029.95,0,1,0,1,48.0
2658.4,0,1,0,1,37.0
383.55,1,0,0,0,11.0
51.15,1,0,0,1,3.0
1745.5,1,0,0,1,18.0
2230.85,0,1,0,1,50.0
7281.6,0,1,0,0,67.0
1837.7,1,0,0,1,25.0
149.55,1,0,0,1,2.0
180.7,1,0,0,1,9.0
411.45,0,1,0,0,10.0
1328.35,0,0,1,1,70.0
576.95,1,0,0,1,9.0
68.45,1,0,0,1,4.0
123.05,1,0,0,1,2.0
78.65,1,0,0,1,1.0
468.35,1,0,0,0,19.0
174.7,1,0,0,1,7.0
42.9,1,0,0,1,1.0
44.0,1,0,0,1,1.0
172.35,0,1,0,1,9.0
139.35,1,0,0,0,3.0
539.85,1,0,0,0,9.0
300.4,1,0,0,1,5.0
4968.0,0,1,0,1,56.0
992.7,1,0,0,1,18.0
4718.25,1,0,0,1,49.0
5536.5,0,0,1,1,70.0
7806.6,0,0,1,1,72.0
434.1,1,0,0,0,6.0
1563.9,1,0,0,1,17.0
1332.4,1,0,0,0,29.0
545.2,1,0,0,1,6.0
6296.75,0,0,1,1,63.0
1284.2,1,0,0,1,16.0
3645.5,0,1,0,1,59.0
226.95,1,0,0,0,8.0
646.85,1,0,0,1,7.0
1441.65,0,0,1,1,68.0
7511.3,0,0,1,1,68.0
5621.85,0,1,0,1,52.0
7919.8,0,0,1,1,72.0
593.2,0,1,0,1,32.0
1423.65,0,0,1,1,72.0
69.95,1,0,0,1,1.0
2763.35,0,1,0,1,42.0
692.1,0,0,1,1,25.0
2298.55,1,0,0,1,45.0
2640.55,0,1,0,0,43.0
2911.8,0,1,0,1,37.0
1727.5,1,0,0,1,20.0
86.6,1,0,0,0,4.0
6705.7,0,0,1,1,63.0
237.65,1,0,0,1,3.0
1672.35,0,0,1,1,66.0
2979.5,1,0,0,1,28.0
695.75,1,0,0,1,8.0
1654.6,0,0,1,1,71.0
24.25,1,0,0,0,1.0
1857.85,0,0,1,1,72.0
825.1,1,0,0,1,16.0
6424.25,0,0,1,1,66.0
837.95,1,0,0,1,11.0
4126.2,0,1,0,1,51.0
330.8,1,0,0,0,8.0
1337.45,1,0,0,1,14.0
362.2,1,0,0,1,4.0
5991.05,0,0,1,1,70.0
4891.5,0,0,1,1,70.0
5373.1,0,1,0,1,54.0
2068.55,1,0,0,1,28.0
487.05,0,0,1,1,24.0
4131.2,0,0,1,1,69.0
2301.15,1,0,0,1,42.0
131.65,1,0,0,1,2.0
4036.0,1,0,0,1,39.0
4900.65,0,0,1,1,45.0
5727.45,0,0,1,1,72.0
743.05,0,0,1,1,38.0
4804.65,0,0,1,1,72.0
24.05,1,0,0,1,1.0
1414.65,0,0,1,1,72.0
1443.65,0,0,1,1,55.0
2898.95,0,1,0,0,51.0
5309.5,0,0,1,1,63.0
20.4,1,0,0,1,1.0
451.55,0,0,1,1,23.0
50.55,1,0,0,1,1.0
117.05,1,0,0,1,2.0
5839.3,1,0,0,1,52.0
1893.5,0,1,0,1,36.0
45.35,1,0,0,1,1.0
1654.45,0,1,0,1,28.0
477.05,0,1,0,1,7.0
1415.55,1,0,0,1,14.0
4546.0,0,0,1,0,72.0
20.5,1,0,0,1,1.0
163.2,1,0,0,1,10.0
849.9,0,1,0,1,42.0
189.95,1,0,0,0,7.0
321.9,1,0,0,1,4.0
8058.55,0,0,1,1,72.0
482.8,1,0,0,0,20.0
7049.75,0,0,1,1,63.0
2560.1,0,0,1,0,56.0
286.8,1,0,0,1,5.0
7982.5,0,0,1,1,72.0
5683.6,1,0,0,1,68.0
3994.05,0,1,0,1,67.0
369.15,1,0,0,1,8.0
4631.7,1,0,0,1,52.0
401.95,1,0,0,1,18.0
1534.05,0,0,1,1,59.0
1093.0,0,0,1,1,60.0
701.3,1,0,0,1,7.0
1980.3,0,1,0,0,59.0
2893.4,0,0,1,0,46.0
262.3,1,0,0,1,5.0
3886.85,0,0,1,0,59.0
5917.55,0,0,1,1,70.0
914.0,1,0,0,1,14.0
2139.1,1,0,0,1,44.0
5948.7,0,0,1,1,64.0
2279.0,0,0,1,0,58.0
4753.85,0,1,0,1,46.0
5780.7,1,0,0,1,58.0
6869.7,0,0,1,1,72.0
1172.95,1,0,0,0,30.0
662.95,1,0,0,1,11.0
1765.95,1,0,0,0,34.0
2431.95,0,0,1,0,54.0
155.35,1,0,0,0,3.0
3303.05,1,0,0,1,40.0
134.35,1,0,0,1,2.0
3409.1,0,0,1,1,54.0
709.5,1,0,0,1,14.0
70.5,1,0,0,1,1.0
953.45,1,0,0,1,10.0
50.15,1,0,0,1,1.0
19.75,1,0,0,1,1.0
3665.55,0,1,0,1,32.15138772077376
2279.0,0,0,1,1,68.0
272.0,0,1,0,1,14.0
6668.0,0,0,1,1,68.0
4052.4,1,0,0,1,55.0
664.4,1,0,0,0,16.0
718.55,1,0,0,1,9.0
937.6,1,0,0,1,14.0
5812.6,1,0,0,1,58.0
2546.85,1,0,0,0,53.0
6944.5,0,0,1,1,70.0
1346.3,1,0,0,1,14.0
1544.05,0,1,0,1,22.0
765.15,1,0,0,1,10.0
692.55,0,0,1,1,29.0
69.6,1,0,0,1,1.0
4059.35,0,1,0,1,49.0
6851.65,1,0,0,1,68.0
78.05,1,0,0,1,1.0
1187.05,0,1,0,0,30.0
5401.9,0,0,1,1,72.0
247.0,1,0,0,1,10.0
520.0,1,0,0,1,7.0
706.6,1,0,0,1,9.0
49.9,1,0,0,1,1.0
1370.35,1,0,0,1,20.0
20.25,1,0,0,1,1.0
2215.25,1,0,0,1,29.0
74.0,1,0,0,1,1.0
214.4,1,0,0,1,3.0
1871.15,1,0,0,1,20.0
6171.2,1,0,0,1,64.0
20.2,1,0,0,1,1.0
161.45,1,0,0,0,6.0
1013.2,0,0,1,1,50.0
336.7,1,0,0,1,6.0
333.65,1,0,0,1,7.0
6511.8,0,0,1,1,72.0
393.45,1,0,0,1,8.0
7009.5,0,0,1,1,67.0
2264.05,1,0,0,1,24.0
6921.7,0,0,1,1,72.0
600.25,0,1,0,1,33.0
56.35,1,0,0,0,2.0
4664.15,0,0,1,1,70.0
1441.8,0,1,0,1,22.0
5623.7,1,0,0,1,59.0
695.85,0,1,0,1,36.0
1028.75,0,0,1,1,51.0
395.6,0,1,0,1,20.0
6330.4,0,0,1,1,63.0
2971.7,1,0,0,1,40.0
638.0,0,1,0,1,35.0
2034.25,0,1,0,1,26.0
2510.2,1,0,0,1,27.0
3419.5,0,1,0,1,53.0
1760.25,1,0,0,1,19.0
3551.65,1,0,0,1,43.0
122.9,1,0,0,1,6.0
1424.2,0,0,1,1,56.0
2111.45,1,0,0,0,57.0
2909.95,1,0,0,1,34.0
374.0,1,0,0,0,10.0
20.25,1,0,0,1,1.0
300.8,1,0,0,0,13.0
5581.05,1,0,0,1,56.0
5676.65,1,0,0,1,55.0
3379.25,0,0,1,1,36.0
942.95,0,1,0,1,47.0
232.4,1,0,0,1,12.0
85.45,1,0,0,1,1.0
2088.45,1,0,0,1,24.0
6137.0,0,1,0,0,63.0
1434.6,1,0,0,0,35.0
3870.0,0,1,0,1,67.0
2043.45,1,0,0,1,25.0
2215.0,1,0,0,1,21.0
842.25,1,0,0,1,13.0
2576.2,1,0,0,1,35.0
1901.0,0,0,1,1,71.0
601.6,1,0,0,1,29.0
3515.25,0,0,1,0,71.0
605.45,1,0,0,1,7.0
3094.05,1,0,0,0,57.0
4929.55,0,0,1,1,65.0
595.05,0,1,0,1,27.0
469.8,1,0,0,1,6.0
8436.25,0,0,1,1,72.0
19.75,1,0,0,1,1.0
492.0,1,0,0,1,11.0
987.95,0,0,1,1,39.0
5496.9,1,0,0,1,59.0
1908.35,0,1,0,1,26.0
107.1,1,0,0,1,2.0
4575.35,0,0,1,0,72.0
4309.55,0,1,0,1,65.0
7922.75,0,0,1,1,72.0
522.35,1,0,0,1,6.0
587.7,0,1,0,1,32.0
3876.2,0,1,0,1,50.0
3778.85,0,0,1,0,61.0
1457.25,1,0,0,1,15.0
8349.45,0,0,1,1,72.0
185.6,1,0,0,1,9.0
19.5,1,0,0,1,1.0
1066.9,1,0,0,1,12.0
973.55,1,0,0,0,37.0
1226.45,0,1,0,1,61.0
342.3,0,1,0,1,18.0
985.05,1,0,0,1,21.0
3948.45,0,0,1,0,68.0
828.05,1,0,0,1,12.0
41.85,1,0,0,0,2.0
6164.7,1,0,0,1,62.0
2862.75,1,0,0,1,29.0
33.6,1,0,0,0,1.0
343.95,1,0,0,1,5.0
20.7,1,0,0,1,1.0
6590.5,0,0,1,1,32.15138772077376
717.95,0,0,1,1,36.0
2890.65,1,0,0,1,28.0
4885.85,0,1,0,1,69.0
1222.05,1,0,0,1,11.0
6871.7,1,0,0,1,63.0
405.6,0,1,0,1,23.0
208.25,1,0,0,1,10.0
1801.9,0,0,1,1,71.0
3062.45,1,0,0,1,45.0
1764.75,0,0,1,1,70.0
1816.75,1,0,0,1,22.0
1255.1,0,0,1,1,52.0
5743.05,0,1,0,1,55.0
3921.1,0,0,1,0,65.0
1463.45,0,0,1,1,72.0
189.45,0,1,0,1,10.0
96.8,0,1,0,1,7.0
408.5,1,0,0,1,5.0
1846.65,0,0,1,1,24.0
8456.75,0,0,1,1,72.0
1011.5,1,0,0,0,21.0
4263.4,0,1,0,0,69.0
2549.1,1,0,0,1,44.0
3965.05,0,1,0,1,61.0
2496.7,1,0,0,1,24.0
90.6,1,0,0,1,1.0
288.05,1,0,0,1,6.0
368.1,1,0,0,1,4.0
7840.6,0,0,1,1,72.0
6632.75,0,0,1,1,72.0
1013.35,1,0,0,1,14.0
152.95,1,0,0,1,7.0
3772.65,0,1,0,1,48.0
1026.35,0,1,0,1,55.0
19.3,1,0,0,1,1.0
5031.85,0,1,0,0,45.0
220.4,1,0,0,1,3.0
1416.5,0,0,1,1,71.0
158.35,1,0,0,1,8.0
256.6,1,0,0,1,3.0
5542.55,0,0,1,1,69.0
68.5,1,0,0,1,1.0
8443.7,0,0,1,1,72.0
791.75,1,0,0,1,11.0
5708.2,0,0,1,1,71.0
69.95,1,0,0,1,1.0
2016.3,0,0,1,0,33.0
326.65,0,1,0,1,16.0
5471.75,0,1,0,1,56.0
19.95,1,0,0,1,1.0
346.4,1,0,0,1,5.0
1061.6,0,1,0,0,57.0
1971.5,0,1,0,0,56.0
773.65,1,0,0,1,8.0
1422.05,1,0,0,1,22.0
19.75,1,0,0,1,1.0
2460.35,1,0,0,1,40.0
856.5,0,0,1,1,46.0
1275.85,0,0,1,1,63.0
7467.5,0,0,1,1,68.0
7261.75,0,0,1,1,69.0
5116.6,1,0,0,1,56.0
660.05,0,1,0,1,10.0
6590.8,0,1,0,1,63.0
1208.15,0,0,1,0,24.0
1033.9,1,0,0,1,19.0
1885.15,1,0,0,1,22.0
2467.1,1,0,0,1,29.0
989.45,0,1,0,1,13.0
2006.95,0,0,1,1,70.0
5025.0,1,0,0,1,49.0
4830.25,0,1,0,1,43.0
59.75,1,0,0,1,3.0
3088.25,0,1,0,1,42.0
3134.7,0,1,0,1,57.0
94.55,1,0,0,1,2.0
8312.4,0,0,1,1,72.0
4863.85,1,0,0,1,46.0
6871.9,1,0,0,1,66.0
6529.25,0,1,0,1,62.0
6637.9,0,0,1,1,72.0
3165.6,0,1,0,1,35.0
1454.15,1,0,0,1,17.0
6786.1,0,0,1,1,72.0
543.0,0,1,0,1,28.0
1327.15,0,0,1,1,56.0
2404.15,1,0,0,1,31.0
867.3,0,1,0,1,45.0
25.75,1,0,0,1,1.0
114.7,1,0,0,1,2.0
109.5,1,0,0,1,6.0
4692.95,0,1,0,1,48.0
546.85,1,0,0,1,25.0
1274.05,0,0,1,1,64.0
1782.4,1,0,0,0,50.0
5301.1,0,1,0,1,52.0
280.35,1,0,0,1,4.0
2897.95,1,0,0,1,32.0
3371.0,0,0,1,1,45.0
801.3,1,0,0,1,9.0
6975.25,0,1,0,1,32.15138772077376
257.05,1,0,0,1,3.0
1079.45,0,0,1,1,54.0
40.1,1,0,0,0,1.0
6997.3,0,0,1,1,64.0
2217.15,1,0,0,1,31.0
1129.1,1,0,0,1,14.0
979.05,0,1,0,1,12.0
4119.4,0,1,0,1,32.15138772077376
2568.55,1,0,0,1,35.0
3349.1,0,0,1,1,45.0
492.1,1,0,0,1,10.0
1718.95,1,0,0,1,29.0
605.25,0,1,0,1,24.0
1344.5,0,0,1,1,66.0
4267.15,0,1,0,1,51.0
1121.05,0,0,1,1,45.0
918.7,0,1,0,1,49.0
521.8,0,0,1,1,29.0
4469.1,1,0,0,1,40.0
3580.3,1,0,0,1,37.0
1729.35,1,0,0,1,25.0
1073.3,1,0,0,0,22.0
4566.5,0,0,1,0,72.0
293.3,1,0,0,0,7.0
2603.1,0,0,1,1,33.0
1783.75,1,0,0,1,23.0
2440.15,1,0,0,1,24.0
79.55,1,0,0,1,1.0
6322.1,0,0,1,1,69.0
57.4,0,1,0,1,3.0
4284.65,0,1,0,1,56.0
7138.65,0,1,0,1,65.0
1539.75,0,1,0,1,71.0
1058.1,1,0,0,1,14.0
2279.0,1,0,0,1,2.0
2781.85,0,1,0,1,32.0
2731.0,1,0,0,1,40.0
20.75,1,0,0,1,1.0
89.1,1,0,0,1,1.0
497.3,1,0,0,1,7.0
711.15,1,0,0,1,15.0
1607.2,1,0,0,1,17.0
1490.95,1,0,0,1,19.0
2279.0,0,0,1,1,71.0
3273.95,0,0,1,1,54.0
2929.75,1,0,0,1,31.0
838.7,1,0,0,1,11.0
1443.65,1,0,0,1,32.15138772077376
7746.7,0,0,1,1,72.0
2279.0,1,0,0,1,71.0
214.75,1,0,0,0,5.0
2669.45,0,1,0,1,38.0
235.2,1,0,0,1,5.0
92.65,1,0,0,1,2.0
3103.25,0,0,1,1,52.0
606.25,1,0,0,1,8.0
5330.2,0,0,1,1,68.0
1403.1,0,1,0,1,69.0
2727.8,1,0,0,1,42.0
5038.45,0,0,1,1,50.0
19.1,1,0,0,1,1.0
80.3,1,0,0,1,1.0
1462.6,1,0,0,1,33.0
150.6,1,0,0,1,7.0
5960.5,1,0,0,1,64.0
74.9,1,0,0,1,1.0
1192.3,0,0,1,1,59.0
314.55,1,0,0,1,6.0
56.0,1,0,0,1,3.0
330.8,1,0,0,1,15.0
877.35,0,1,0,1,13.0
2249.1,1,0,0,1,23.0
2807.65,1,0,0,1,31.0
1696.2,0,1,0,1,29.0
1032.05,0,1,0,1,49.0
4902.8,1,0,0,1,56.0
4995.35,0,0,1,1,63.0
5034.05,0,0,1,1,63.0
1857.75,1,0,0,1,24.0
1992.85,0,1,0,1,36.0
751.65,1,0,0,1,9.0
66.95,1,0,0,0,3.0
1714.95,0,1,0,1,21.0
343.6,0,1,0,1,13.0
20.15,1,0,0,1,1.0
520.1,0,1,0,1,25.0
1387.45,0,0,1,1,71.0
7383.7,0,1,0,1,66.0
4483.95,0,1,0,1,45.0
1706.45,1,0,0,1,22.0
1327.4,0,1,0,1,67.0
5974.3,0,0,1,1,68.0
2279.0,0,0,1,1,0.0
4515.85,1,0,0,1,49.0
179.85,1,0,0,1,4.0
5040.2,0,1,0,1,63.0
165.0,1,0,0,1,2.0
422.7,0,1,0,1,21.0
3046.4,0,0,1,1,55.0
20.25,1,0,0,1,1.0
358.05,0,0,1,1,17.0
2936.25,1,0,0,1,30.0
1271.8,1,0,0,1,22.0
530.05,1,0,0,1,9.0
19.2,1,0,0,1,1.0
1808.7,1,0,0,1,21.0
1144.6,1,0,0,1,19.0
7446.9,1,0,0,1,69.0
25.1,1,0,0,0,1.0
7556.9,0,0,1,1,72.0
4858.7,0,0,1,1,70.0
6595.0,1,0,0,1,66.0
149.05,1,0,0,0,7.0
4972.1,1,0,0,1,46.0
1880.85,1,0,0,0,39.0
2045.55,1,0,0,1,32.0
2187.15,1,0,0,1,24.0
477.55,1,0,0,1,6.0
2976.95,1,0,0,1,37.0
178.7,1,0,0,1,8.0
5025.85,0,0,1,1,72.0
3353.4,0,0,1,0,71.0
1461.15,1,0,0,1,16.0
2782.4,1,0,0,0,57.0
1699.15,0,1,0,1,66.0
1496.9,1,0,0,1,17.0
452.2,1,0,0,0,21.0
4428.45,0,0,1,1,66.0
1322.55,1,0,0,1,17.0
70.45,1,0,0,1,1.0
3563.8,0,1,0,1,58.0
139.75,1,0,0,1,8.0
1927.3,0,1,0,1,27.0
2279.0,1,0,0,1,34.0
3021.3,0,1,0,1,30.0
2245.4,1,0,0,1,33.0
24.75,1,0,0,0,1.0
944.65,1,0,0,1,14.0
1264.2,0,1,0,1,16.0
4917.75,0,0,1,1,49.0
2012.7,1,0,0,1,19.0
5743.3,0,0,1,1,70.0
1864.65,1,0,0,1,32.0
1221.65,1,0,0,1,18.0
1390.85,0,0,1,0,37.0
302.35,1,0,0,1,4.0
1374.9,1,0,0,1,16.0
1336.9,1,0,0,1,17.0
1297.8,1,0,0,1,19.0
6067.4,0,0,1,1,60.0
1222.25,0,0,1,1,51.0
487.95,0,0,1,1,28.0
2548.55,0,0,1,1,43.0
835.5,0,0,1,1,42.0
242.05,1,0,0,1,3.0
44.75,1,0,0,1,1.0
63.75,1,0,0,1,3.0
6218.45,0,0,1,1,63.0
260.9,1,0,0,1,3.0
7320.9,1,0,0,1,68.0
2967.35,1,0,0,1,30.0
6333.8,0,0,1,1,60.0
939.7,1,0,0,0,15.0
4200.25,1,0,0,1,45.0
5950.2,0,0,1,1,70.0
1037.75,1,0,0,1,10.0
93.4,1,0,0,1,4.0
50.45,1,0,0,1,1.0
1614.9,0,0,1,1,68.0
1573.95,1,0,0,1,22.0
3624.3,1,0,0,1,38.0
100.25,1,0,0,1,1.0
1468.75,1,0,0,1,18.0
2607.6,1,0,0,1,29.0
1422.1,1,0,0,1,16.0
69.85,1,0,0,1,1.0
858.6,1,0,0,1,12.0
1523.4,0,1,0,0,31.0
324.3,1,0,0,1,4.0
3435.6,0,1,0,1,48.0
399.6,1,0,0,1,15.0
4549.45,0,1,0,1,50.0
322.5,1,0,0,1,7.0
3273.55,1,0,0,1,41.0
5375.15,0,0,1,1,68.0
2510.7,1,0,0,1,26.0
3090.05,0,0,1,0,57.0
61.05,1,0,0,1,3.0
20.9,1,0,0,1,1.0
955.6,0,1,0,1,19.0
140.4,1,0,0,1,3.0
1493.1,0,0,1,1,59.0
69.4,1,0,0,1,1.0
1626.05,1,0,0,0,42.0
541.15,1,0,0,1,7.0
1784.9,0,0,1,1,67.0
70.35,1,0,0,1,1.0
6075.9,0,0,1,1,66.0
5500.6,1,0,0,1,61.0
73.1,0,1,0,1,4.0
3229.4,1,0,0,1,42.0
2279.0,0,1,0,1,64.0
6431.05,0,1,0,0,54.0
19.75,1,0,0,1,1.0
1230.9,0,0,1,1,54.0
454.65,0,0,1,1,18.0
235.05,1,0,0,1,3.0
70.1,1,0,0,1,1.0
6595.9,0,0,1,1,72.0
5867.0,0,1,0,1,60.0
196.35,0,1,0,1,11.0
909.25,1,0,0,1,12.0
6449.15,0,1,0,1,61.0
762.45,0,0,1,1,39.0
5283.95,1,0,0,1,55.0
1617.5,1,0,0,1,17.0
785.75,0,1,0,1,37.0
1776.0,0,0,1,1,72.0
5396.25,0,0,1,1,72.0
574.5,1,0,0,1,8.0
400.3,1,0,0,1,22.0
84.3,1,0,0,1,1.0
2656.3,1,0,0,1,38.0
1445.95,0,1,0,1,17.0
5212.65,0,0,1,1,70.0
6440.25,0,0,1,1,72.0
2279.0,1,0,0,1,28.0
1130.0,1,0,0,1,15.0
6463.15,0,0,1,1,72.0
1131.2,1,0,0,1,11.0
585.95,1,0,0,1,8.0
6252.7,0,1,0,1,57.0
19.95,1,0,0,1,1.0
2062.15,1,0,0,0,46.0
587.1,0,1,0,1,30.0
720.45,1,0,0,1,10.0
2186.4,1,0,0,1,23.0
2979.3,1,0,0,1,32.0
956.65,1,0,0,1,13.0
3201.55,0,0,1,1,39.0
3973.2,1,0,0,1,44.0
447.9,1,0,0,1,9.0
1335.2,0,0,1,1,67.0
661.25,1,0,0,1,9.0
1111.85,1,0,0,1,15.0
7555.0,0,0,1,1,71.0
49.0,1,0,0,1,1.0
3046.15,1,0,0,1,30.0
69.35,1,0,0,1,1.0
836.35,1,0,0,0,17.0
272.2,1,0,0,1,3.0
5293.4,0,0,1,1,67.0
20.95,1,0,0,1,1.0
50.55,1,0,0,1,1.0
2570.0,1,0,0,1,32.0
798.2,0,1,0,1,41.0
80.55,1,0,0,1,1.0
44.15,1,0,0,1,1.0
916.9,1,0,0,1,12.0
6487.2,1,0,0,1,62.0
1855.65,1,0,0,1,22.0
1556.85,1,0,0,1,17.0
1988.05,0,0,1,1,72.0
5432.2,1,0,0,1,56.0
147.55,1,0,0,1,9.0
8424.9,0,0,1,1,72.0
2203.7,1,0,0,1,20.0
387.4,0,0,1,1,19.0
116.65,1,0,0,1,2.0
3045.75,0,1,0,0,53.0
2287.25,1,0,0,1,27.0
130.5,1,0,0,1,6.0
767.9,0,1,0,1,9.0
446.8,1,0,0,1,8.0
8100.25,0,0,1,1,71.0
830.7,1,0,0,1,10.0
20.0,1,0,0,1,1.0
4689.15,0,1,0,0,71.0
6754.35,0,1,0,1,68.0
3540.65,1,0,0,1,34.0
2184.6,0,1,0,1,26.0
1054.6,1,0,0,1,22.0
130.55,1,0,0,1,7.0
1540.35,1,0,0,1,20.0
6411.25,1,0,0,1,60.0
1432.55,0,0,1,1,72.0
7629.85,0,1,0,1,72.0
101.9,1,0,0,1,4.0
313.4,1,0,0,1,16.0
6312.9,0,1,0,1,62.0
629.55,1,0,0,1,10.0
2640.55,1,0,0,1,31.0
1372.45,0,0,1,1,71.0
1212.25,0,0,1,1,58.0
6237.05,0,0,1,1,70.0
6310.9,0,0,1,1,71.0
5031.0,0,0,1,1,69.0
85.05,1,0,0,1,1.0
8672.45,0,0,1,1,72.0
2196.45,1,0,0,1,26.0
3008.15,1,0,0,1,33.0
220.8,0,0,1,1,10.0
5779.6,0,0,1,1,57.0
222.65,1,0,0,1,10.0
914.6,0,1,0,1,39.0
2110.15,1,0,0,1,21.0
5560.0,0,0,1,1,68.0
1633.0,0,1,0,1,18.0
547.65,1,0,0,1,6.0
969.85,1,0,0,1,18.0
2610.65,0,1,0,1,52.0
6567.9,0,0,1,1,56.0
4747.85,1,0,0,1,45.0
1759.55,0,0,1,1,67.0
101.1,1,0,0,0,3.0
6496.15,1,0,0,1,65.0
4234.15,0,0,1,1,63.0
300.7,0,0,1,1,11.0
59.55,1,0,0,1,1.0
4323.35,0,0,1,1,55.0
1466.1,0,1,0,1,25.0
8684.8,0,1,0,1,72.0
1776.45,0,0,1,1,72.0
2933.95,0,0,1,0,65.0
4370.25,1,0,0,1,54.0
144.35,1,0,0,1,7.0
4804.75,0,0,1,1,72.0
1125.2,1,0,0,1,21.0
39.85,1,0,0,1,2.0
422.4,1,0,0,1,4.0
251.75,1,0,0,1,3.0
8332.15,0,0,1,1,72.0
314.6,1,0,0,1,6.0
4331.4,1,0,0,1,52.0
6382.0,1,0,0,1,69.0
740.3,1,0,0,1,8.0
600.15,1,0,0,1,8.0
5538.8,1,0,0,1,63.0
7049.5,0,1,0,1,60.0
690.5,1,0,0,1,12.0
279.3,1,0,0,1,13.0
1427.55,1,0,0,1,32.15138772077376
452.7,1,0,0,1,5.0
19.45,1,0,0,1,1.0
1709.15,0,0,1,1,72.0
53.15,1,0,0,1,2.0
777.35,0,0,1,1,40.0
860.85,0,1,0,1,44.0
5012.1,0,1,0,1,71.0
166.3,1,0,0,1,2.0
2404.1,1,0,0,1,26.0
70.0,1,0,0,1,1.0
24.4,1,0,0,0,1.0
4820.15,0,0,1,1,65.0
209.9,1,0,0,1,3.0
610.75,1,0,0,1,13.0
3409.6,1,0,0,1,33.0
70.7,1,0,0,1,1.0
155.35,1,0,0,1,4.0
144.0,1,0,0,1,2.0
2279.0,0,0,1,1,72.0
911.6,1,0,0,1,37.0
1270.2,1,0,0,1,15.0
478.1,0,1,0,1,23.0
1561.5,1,0,0,0,30.0
761.85,0,1,0,1,42.0
2282.95,0,1,0,1,32.0
1615.1,1,0,0,1,22.0
1097.15,1,0,0,0,42.0
369.3,1,0,0,1,8.0
6725.3,0,0,1,1,65.0
31.55,1,0,0,1,2.0
6293.2,0,0,1,1,70.0
432.5,1,0,0,1,22.0
321.75,1,0,0,1,4.0
147.15,1,0,0,1,2.0
2434.45,0,0,1,0,67.0
532.1,1,0,0,0,25.0
375.25,1,0,0,1,20.0
125.95,1,0,0,1,2.0
1042.65,0,0,1,1,51.0
1620.25,1,0,0,0,46.0
2387.75,1,0,0,1,25.0
659.35,1,0,0,0,13.0
2660.2,1,0,0,1,25.0
1285.8,0,1,0,1,26.0
4211.55,0,1,0,1,43.0
377.55,1,0,0,1,19.0
990.9,1,0,0,1,10.0
193.8,1,0,0,1,2.0
6058.95,0,0,1,1,72.0
964.9,1,0,0,1,18.0
790.15,1,0,0,1,32.15138772077376
2467.75,1,0,0,1,27.0
2322.85,1,0,0,1,24.0
7262.0,0,1,0,1,69.0
4854.3,0,0,1,1,46.0
7748.75,0,0,1,1,72.0
1914.9,1,0,0,1,22.0
6470.1,1,0,0,1,70.0
57.4,1,0,0,1,2.0
2019.8,1,0,0,1,31.0
5688.05,1,0,0,1,56.0
1522.7,1,0,0,1,16.0
1334.5,0,0,1,1,52.0
252.0,1,0,0,1,13.0
700.45,0,1,0,1,35.0
5655.45,0,0,1,1,59.0
6747.35,1,0,0,1,72.0
5265.1,0,0,1,1,66.0
5174.35,0,0,1,1,49.0
105.6,1,0,0,0,2.0
2271.85,1,0,0,1,21.0
2966.95,0,1,0,0,54.0
1772.25,1,0,0,1,24.0
61.15,1,0,0,1,1.0
494.95,1,0,0,1,6.0
44.45,1,0,0,1,1.0
5290.45,0,1,0,1,49.0
3346.8,0,0,1,1,32.15138772077376
5219.65,1,0,0,1,56.0
217.5,0,0,1,0,6.0
607.7,0,1,0,1,32.0
5431.4,0,1,0,1,50.0
6004.85,0,1,0,1,58.0
5957.9,0,0,1,1,65.0
5442.05,0,0,1,1,64.0
4370.25,0,0,1,1,66.0
4428.6,0,1,0,1,38.0
416.45,0,1,0,1,20.0
3067.2,1,0,0,1,36.0
6688.1,0,1,0,1,64.0
20.25,1,0,0,1,1.0
4224.7,0,1,0,1,60.0
74.35,1,0,0,1,1.0
4042.2,0,1,0,1,50.0
62.05,1,0,0,1,1.0
3580.95,0,0,1,0,72.0
1198.8,0,0,1,1,60.0
1755.35,0,0,1,0,46.0
3772.5,0,0,1,0,69.0
2877.95,1,0,0,1,31.0
357.7,0,1,0,1,19.0
1397.3,0,0,1,1,71.0
959.9,1,0,0,1,12.0
3182.95,0,1,0,1,39.0
3704.15,0,1,0,1,44.0
4620.4,0,0,1,1,56.0
8312.75,0,0,1,1,72.0
541.9,1,0,0,1,5.0
929.3,1,0,0,1,11.0
971.3,1,0,0,0,24.0
1285.05,1,0,0,1,15.0
1521.2,0,0,1,1,72.0
3389.25,0,0,1,1,56.0
1198.05,0,0,1,1,64.0
3414.65,1,0,0,1,34.0
162.45,1,0,0,1,2.0
754.0,0,1,0,1,35.0
467.15,0,1,0,1,22.0
216.9,1,0,0,1,5.0
373.0,0,1,0,0,9.0
245.2,1,0,0,1,11.0
481.1,0,1,0,1,23.0
302.75,1,0,0,1,4.0
1728.2,0,0,1,1,68.0
2964.05,1,0,0,1,33.0
2156.25,1,0,0,1,31.0
60.1,1,0,0,1,1.0
1051.9,0,0,1,1,56.0
78.95,1,0,0,1,1.0
5013.0,0,1,0,1,66.0
1738.9,0,0,1,1,72.0
2275.1,1,0,0,1,34.0
5511.65,1,0,0,1,58.0
98.5,1,0,0,1,2.0
1316.9,0,0,1,0,37.0
7993.3,0,0,1,1,71.0
19.85,0,1,0,1,1.0
1388.45,0,0,1,1,71.0
666.0,0,1,0,1,35.0
94.45,0,1,0,1,6.0
244.65,1,0,0,1,3.0
4134.7,0,1,0,1,69.0
2375.4,0,1,0,0,44.0
4862.5,0,1,0,1,53.0
2431.35,1,0,0,1,24.0
351.5,1,0,0,0,5.0
106.2,1,0,0,1,2.0
1413.0,0,0,1,1,62.0
1743.05,1,0,0,1,19.0
1050.5,0,0,1,1,53.0
426.35,1,0,0,1,5.0
4982.5,0,1,0,1,71.0
19.55,1,0,0,1,1.0
7634.8,0,0,1,1,72.0
235.05,1,0,0,1,4.0
3116.15,0,0,1,1,59.0
71.1,1,0,0,1,1.0
2633.4,1,0,0,1,31.0
49.65,1,0,0,1,3.0
6979.8,0,1,0,1,65.0
4920.8,0,1,0,1,49.0
46.35,1,0,0,1,32.15138772077376
1021.8,0,1,0,1,53.0
5276.1,0,1,0,1,55.0
8289.2,0,0,1,1,72.0
2659.45,1,0,0,1,36.0
94.0,1,0,0,1,1.0
5824.75,0,0,1,1,72.0
1517.5,1,0,0,1,28.0
3479.05,1,0,0,1,38.0
7365.7,0,1,0,1,61.0
1331.05,0,0,1,1,52.0
1195.95,0,1,0,1,67.0
3946.9,0,0,1,1,34.0
4299.95,0,0,1,1,54.0
20.3,1,0,0,1,1.0
1424.95,1,0,0,1,15.0
193.6,1,0,0,1,4.0
620.55,1,0,0,1,9.0
4391.25,1,0,0,1,46.0
1993.8,1,0,0,1,22.0
2597.6,0,1,0,1,38.0
4213.9,0,1,0,1,55.0
19.9,1,0,0,1,1.0
5017.7,0,1,0,1,64.0
1052.35,0,0,1,1,53.0
4916.4,0,0,1,1,58.0
2959.8,0,1,0,0,56.0
7559.55,0,0,1,1,72.0
7133.1,0,1,0,1,72.0
1799.3,1,0,0,1,22.0
829.55,1,0,0,1,8.0
1312.15,1,0,0,1,16.0
1597.05,1,0,0,0,39.0
524.35,1,0,0,1,12.0
2279.0,0,0,1,1,54.0
711.95,0,1,0,0,18.0
2201.75,0,1,0,1,32.0
806.95,0,1,0,1,41.0
1620.45,0,0,1,1,67.0
6812.95,1,0,0,1,65.0
1837.9,1,0,0,1,25.0
69.8,1,0,0,1,1.0
7344.45,0,1,0,1,67.0
545.15,1,0,0,1,7.0
1500.25,1,0,0,0,43.0
2283.15,1,0,0,1,24.0
494.05,1,0,0,1,9.0
1376.5,0,0,1,1,69.0
755.4,0,1,0,1,37.0
825.4,0,0,1,0,20.0
488.65,1,0,0,1,7.0
2841.55,1,0,0,1,37.0
486.85,1,0,0,1,5.0
2075.1,0,1,0,0,41.0
5299.65,0,1,0,1,54.0
204.7,1,0,0,1,3.0
1356.3,0,0,1,1,69.0
5042.75,0,1,0,1,53.0
812.4,0,1,0,0,18.0
6605.55,0,0,1,1,64.0
2995.45,1,0,0,1,31.0
505.95,1,0,0,0,20.0
3509.4,0,1,0,1,57.0
6991.9,0,0,1,1,63.0
590.35,0,0,1,0,13.0
2789.7,0,1,0,1,48.0
137.95,1,0,0,1,2.0
1123.15,0,0,1,1,57.0
7953.25,0,1,0,1,71.0
349.8,1,0,0,1,7.0
1067.05,1,0,0,1,16.0
3527.3,1,0,0,1,34.0
3762.0,1,0,0,1,37.0
1248.9,1,0,0,1,16.0
3035.35,0,1,0,1,48.0
4300.8,0,1,0,1,58.0
6065.3,0,0,1,1,72.0
144.95,1,0,0,1,7.0
3233.6,1,0,0,1,38.0
5438.9,1,0,0,1,48.0
1081.45,1,0,0,1,10.0
2308.6,0,1,0,1,30.0
1882.8,1,0,0,1,31.0
3255.35,0,1,0,1,46.0
1067.65,0,0,1,1,50.0
2065.4,1,0,0,1,28.0
4136.4,0,0,1,0,66.0
221.9,1,0,0,0,8.0
3848.0,1,0,0,1,41.0
8022.85,0,0,1,1,72.0
173.15,0,1,0,1,7.0
781.25,1,0,0,1,38.0
4510.8,0,1,0,1,44.0
5317.8,0,1,0,1,47.0
4779.45,1,0,0,1,53.0
250.1,1,0,0,1,4.0
1745.2,1,0,0,1,20.0
74.9,1,0,0,1,2.0
4140.1,0,1,0,1,57.0
3670.5,1,0,0,1,44.0
1167.8,1,0,0,1,24.0
469.65,1,0,0,0,15.0
58.9,1,0,0,0,3.0
333.55,1,0,0,1,4.0
3171.15,1,0,0,1,37.0
74.7,1,0,0,1,1.0
1381.2,1,0,0,1,24.0
455.5,1,0,0,1,5.0
3645.5,1,0,0,1,33.0
1158.85,0,0,1,1,58.0
6954.15,0,0,1,1,72.0
1672.1,0,0,1,1,71.0
3152.5,1,0,0,1,28.0
4307.1,0,0,1,1,51.0
2530.4,0,1,0,1,30.0
6141.65,0,0,1,1,72.0
3186.7,1,0,0,1,36.0
1054.8,0,0,1,1,14.0
5430.65,0,0,1,1,72.0
849.9,1,0,0,0,22.0
299.4,1,0,0,1,15.0
1086.75,0,0,1,1,51.0
2692.75,0,0,1,0,70.0
1389.6,0,0,1,1,71.0
3767.4,1,0,0,1,39.0
3641.5,1,0,0,1,61.0
2535.55,1,0,0,1,52.0
35.75,1,0,0,0,1.0
6880.85,0,1,0,1,64.0
3753.2,0,0,1,1,62.0
637.55,0,0,1,1,30.0
181.6,1,0,0,1,4.0
5329.55,0,1,0,1,63.0
